match_id,match_date,kick_off,home_score,away_score,match_status,match_status_360,last_updated,last_updated_360,match_week,competition_id,competition_country_name,competition_name,competition,season_id,season,home_team_id,home_team,home_team_gender,home_team_group,home_team_country_id,home_team_country_name,away_team_id,away_team,away_team_gender,away_team_group,away_team_country_id,away_team_country_name,competition_stage_id,competition_stage,stadium_id,stadium,stadium_country_id,stadium_country_name,referee_id,referee,referee_country_id,referee_country_name,home_managers,away_managers,home_manager_id,home_manager_name,home_manager_nickname,home_manager_dob,home_manager_country_id,home_manager_country_name,away_manager_id,away_manager_name,away_manager_nickname,away_manager_dob,away_manager_country_id,away_manager_country_name,data_version,shot_fidelity_version,xy_fidelity_version,tournament
3857276,2022-12-01,15:00:00.000,1,2,available,available,2026-05-04T01:46:04.664252,2026-05-04T01:50:33.318123,3,43,International,FIFA World Cup,International - FIFA World Cup,106,2022,1833,Canada,male,F,40,Canada,788,Morocco,male,,154,Morocco,10,Group Stage,1000838,Al Thumama Stadium,185,Qatar,2638.0,Raphael Claus,31.0,Brazil,John Herdman,Walid Regragui,4435,John Herdman,,1975-07-19,68,England,1000518,Walid Regragui,,1975-09-23,154,Morocco,1.1.0,2,2,World Cup 2022
3857271,2022-11-21,13:00:00.000,6,2,available,available,2026-05-04T01:40:47.671394,2026-05-04T01:43:30.216315,1,43,International,FIFA World Cup,International - FIFA World Cup,106,2022,768,England,male,B,68,England,797,Iran,male,B,107,"Iran, Islamic Republic of",10,Group Stage,1000253,Sheikh Khalifa International Stadium,185,Qatar,2638.0,Raphael Claus,31.0,Brazil,Gareth Southgate,Carlos Manuel Brito Leal Queiróz,277,Gareth Southgate,,1970-09-03,68,England,645,Carlos Manuel Brito Leal Queiróz,Carlos Queiroz,1953-03-01,183,Portugal,1.1.0,2,2,World Cup 2022
3857296,2022-12-01,15:00:00.000,0,0,available,available,2026-05-04T01:44:02.255386,2026-05-04T01:50:06.343225,3,43,International,FIFA World Cup,International - FIFA World Cup,106,2022,785,Croatia,male,F,56,Croatia,782,Belgium,male,F,22,Belgium,10,Group Stage,1000793,Ahmad bin Ali Stadium,185,Qatar,8.0,Anthony Taylor,68.0,England,Zlatko Dalić,Roberto Martínez Montoliú,307,Zlatko Dalić,,1966-10-26,56,Croatia,263,Roberto Martínez Montoliú,Roberto Martínez,1973-07-13,214,Spain,1.1.0,2,2,World Cup 2022
3857274,2022-11-25,16:00:00.000,1,1,available,available,2026-05-04T01:43:00.444702,2026-05-04T01:50:07.646458,2,43,International,FIFA World Cup,International - FIFA World Cup,106,2022,941,Netherlands,male,A,160,Netherlands,3565,Ecuador,male,A,65,Ecuador,10,Group Stage,1000253,Sheikh Khalifa International Stadium,185,Qatar,2311.0,Mustapha Ghorbal,4.0,Algeria,Louis van Gaal,Gustavo Julio Alfaro,788,Louis van Gaal,,1951-08-08,160,Netherlands,2881,Gustavo Julio Alfaro,Gustavo Alfaro,1962-08-14,11,Argentina,1.1.0,2,2,World Cup 2022
3857255,2022-12-01,19:00:00.000,2,1,available,available,2026-05-04T01:42:55.630428,2026-05-04T01:49:36.594944,3,43,International,FIFA World Cup,International - FIFA World Cup,106,2022,778,Japan,male,E,114,Japan,772,Spain,male,E,214,Spain,10,Group Stage,1000253,Sheikh Khalifa International Stadium,185,Qatar,2366.0,Victor Miguel de Freitas Gomes,211.0,South Africa,Hajime Moriyasu,Luis Enrique Martínez García,5699,Hajime Moriyasu,,1968-08-23,114,Japan,793,Luis Enrique Martínez García,Luis Enrique,1970-05-08,214,Spain,1.1.0,2,2,World Cup 2022
3857272,2022-11-25,19:00:00.000,0,0,available,available,2026-05-04T01:42:01.934187,2026-05-04T01:45:01.745587,2,43,International,FIFA World Cup,International - FIFA World Cup,106,2022,768,England,male,B,68,England,1839,United States,male,B,241,United States of America,10,Group Stage,1001113,Al Bayt Stadium,185,Qatar,1847.0,Jesús Valenzuela Sáez,246.0,Venezuela (Bolivarian Republic),Gareth Southgate,Gregg Berhalter,277,Gareth Southgate,,1970-09-03,68,England,93,Gregg Berhalter,,1973-08-01,241,United States of America,1.1.0,2,2,World Cup 2022
3857278,2022-11-29,19:00:00.000,0,1,available,available,2026-05-04T01:40:40.663357,2026-05-04T01:44:19.687513,3,43,International,FIFA World Cup,International - FIFA World Cup,106,2022,797,Iran,male,B,107,"Iran, Islamic Republic of",1839,United States,male,B,241,United States of America,10,Group Stage,1000838,Al Thumama Stadium,185,Qatar,180.0,Antonio Miguel Mateu Lahoz,214.0,Spain,Carlos Manuel Brito Leal Queiróz,Gregg Berhalter,645,Carlos Manuel Brito Leal Queiróz,Carlos Queiroz,1953-03-01,183,Portugal,93,Gregg Berhalter,,1973-08-01,241,United States of America,1.1.0,2,2,World Cup 2022
3857277,2022-11-23,10:00:00.000,0,0,available,available,2026-05-04T01:40:05.637036,2026-05-04T01:46:30.388595,1,43,International,FIFA World Cup,International - FIFA World Cup,106,2022,788,Morocco,male,,154,Morocco,785,Croatia,male,F,56,Croatia,10,Group Stage,1001113,Al Bayt Stadium,185,Qatar,1121.0,Fernando Andrés Rapallini,11.0,Argentina,Walid Regragui,Zlatko Dalić,1000518,Walid Regragui,,1975-09-23,154,Morocco,307,Zlatko Dalić,,1966-10-26,56,Croatia,1.1.0,2,2,World Cup 2022
3857273,2022-11-25,10:00:00.000,0,2,available,available,2026-05-03T16:13:23.239106,2026-05-03T16:15:22.543697,2,43,International,FIFA World Cup,International - FIFA World Cup,106,2022,907,Wales,male,B,249,Wales,797,Iran,male,B,107,"Iran, Islamic Republic of",10,Group Stage,1000793,Ahmad bin Ali Stadium,185,Qatar,1835.0,Mario Alberto Escobar Toca,93.0,Guatemala,Robert Page,Carlos Manuel Brito Leal Queiróz,1000471,Robert Page,,1974-09-03,249,Wales,645,Carlos Manuel Brito Leal Queiróz,Carlos Queiroz,1953-03-01,183,Portugal,1.1.0,2,2,World Cup 2022
3857275,2022-11-30,15:00:00.000,1,0,available,available,2026-05-03T16:12:47.832747,2026-05-03T16:15:48.111812,3,43,International,FIFA World Cup,International - FIFA World Cup,106,2022,777,Tunisia,male,D,232,Tunisia,771,France,male,D,78,France,10,Group Stage,94425,Education City Stadium ,185,Qatar,739.0,Matthew Conger,163.0,New Zealand,Jalel Kadri,Didier Deschamps,1001303,Jalel Kadri,,,232,Tunisia,545,Didier Deschamps,,1968-10-15,78,France,1.1.0,2,2,World Cup 2022
3857261,2022-11-29,19:00:00.000,0,3,available,available,2026-05-03T16:09:55.338260,2026-05-03T16:11:27.929788,3,43,International,FIFA World Cup,International - FIFA World Cup,106,2022,907,Wales,male,B,249,Wales,768,England,male,B,68,England,10,Group Stage,1000793,Ahmad bin Ali Stadium,185,Qatar,943.0,Slavko Vinčić,208.0,Slovenia,Robert Page,Gareth Southgate,1000471,Robert Page,,1974-09-03,249,Wales,277,Gareth Southgate,,1970-09-03,68,England,1.1.0,2,2,World Cup 2022
3857290,2022-11-24,10:00:00.000,1,0,available,available,2026-05-03T16:09:36.189321,2026-05-03T16:11:26.531423,1,43,International,FIFA World Cup,International - FIFA World Cup,106,2022,773,Switzerland,male,G,221,Switzerland,2722,Cameroon,male,G,39,Cameroon,10,Group Stage,117897,Al Janoub Stadium   ,185,Qatar,1094.0,Facundo Tello Figueroa,11.0,Argentina,Murat Yakin,Rigobert Song Bahanag,2832,Murat Yakin,,1974-09-15,221,Switzerland,1001250,Rigobert Song Bahanag,,1976-07-01,39,Cameroon,1.1.0,2,2,World Cup 2022
3857298,2022-11-24,16:00:00.000,3,2,available,available,2026-05-03T16:11:32.370436,2026-05-03T16:15:48.066604,1,43,International,FIFA World Cup,International - FIFA World Cup,106,2022,780,Portugal,male,H,183,Portugal,4885,Ghana,male,H,86,Ghana,10,Group Stage,1001115,Stadium 974,185,Qatar,438.0,Ismail Elfath,241.0,United States of America,Fernando Manuel Fernandes da Costa Santos,Otto Addo,607,Fernando Manuel Fernandes da Costa Santos,Fernando Santos,1954-10-10,183,Portugal,1001251,Otto Addo,,1975-06-09,86,Ghana,1.1.0,2,2,World Cup 2022
3857285,2022-11-21,16:00:00.000,0,2,available,available,2026-05-03T16:07:28.656580,2026-05-03T16:13:03.612730,1,43,International,FIFA World Cup,International - FIFA World Cup,106,2022,787,Senegal,male,A,202,Senegal,941,Netherlands,male,A,160,Netherlands,10,Group Stage,1000838,Al Thumama Stadium,185,Qatar,986.0,Wilton Pereira Sampaio,31.0,Brazil,Aliou Cissé,Louis van Gaal,635,Aliou Cissé,,1976-03-24,202,Senegal,788,Louis van Gaal,,1951-08-08,160,Netherlands,1.1.0,2,2,World Cup 2022
3857282,2022-11-21,19:00:00.000,1,1,available,available,2026-05-03T16:06:35.237994,2026-05-03T16:07:47.017684,1,43,International,FIFA World Cup,International - FIFA World Cup,106,2022,1839,United States,male,B,241,United States of America,907,Wales,male,B,249,Wales,10,Group Stage,1000793,Ahmad bin Ali Stadium,185,Qatar,2521.0,Abdulrahman Ibrahim Al Jassim,185.0,Qatar,Gregg Berhalter,Robert Page,93,Gregg Berhalter,,1973-08-01,241,United States of America,1000471,Robert Page,,1974-09-03,249,Wales,1.1.0,2,2,World Cup 2022
3857297,2022-11-26,13:00:00.000,2,0,available,available,2026-05-03T16:05:12.945735,2026-05-03T16:08:16.963904,2,43,International,FIFA World Cup,International - FIFA World Cup,106,2022,789,Poland,male,C,182,Poland,799,Saudi Arabia,male,C,200,Saudi Arabia,10,Group Stage,94425,Education City Stadium ,185,Qatar,986.0,Wilton Pereira Sampaio,31.0,Brazil,Czesław Michniewicz,Hervé Renard,5294,Czesław Michniewicz,,1970-02-12,182,Poland,642,Hervé Renard,,1968-09-30,78,France,1.1.0,2,2,World Cup 2022
3857294,2022-11-29,15:00:00.000,2,0,available,available,2026-05-04T01:48:11.663054,2026-05-04T01:51:22.255434,3,43,International,FIFA World Cup,International - FIFA World Cup,106,2022,941,Netherlands,male,A,160,Netherlands,3566,Qatar,male,A,185,Qatar,10,Group Stage,1001113,Al Bayt Stadium,185,Qatar,736.0,Bakary Papa Gassama,83.0,Gambia,Louis van Gaal,Félix Sánchez Bas,788,Louis van Gaal,,1951-08-08,160,Netherlands,5710,Félix Sánchez Bas,Félix Sánchez,1975-12-13,214,Spain,1.1.0,2,2,World Cup 2022
3857266,2022-11-26,16:00:00.000,2,1,available,available,2026-05-04T01:44:03.946401,2026-05-04T01:49:40.866423,2,43,International,FIFA World Cup,International - FIFA World Cup,106,2022,771,France,male,D,78,France,776,Denmark,male,D,61,Denmark,10,Group Stage,1001115,Stadium 974,185,Qatar,367.0,Szymon Marciniak,182.0,Poland,Didier Deschamps,Kasper Hjulmand,545,Didier Deschamps,,1968-10-15,78,France,255,Kasper Hjulmand,,1972-04-09,61,Denmark,1.1.0,2,2,World Cup 2022
3857284,2022-11-23,13:00:00.000,1,2,available,available,2026-05-04T01:41:05.435,2026-05-04T01:45:45.818418,1,43,International,FIFA World Cup,International - FIFA World Cup,106,2022,770,Germany,male,E,85,Germany,778,Japan,male,E,114,Japan,10,Group Stage,1000253,Sheikh Khalifa International Stadium,185,Qatar,1834.0,Ivan Arcides Barton Cisneros,67.0,El Salvador,Hans-Dieter Flick,Hajime Moriyasu,3371,Hans-Dieter Flick,,1965-02-24,85,Germany,5699,Hajime Moriyasu,,1968-08-23,114,Japan,1.1.0,2,2,World Cup 2022
3857254,2022-11-22,13:00:00.000,0,0,available,available,2026-05-04T01:41:55.231447,2026-05-04T01:42:32.134965,1,43,International,FIFA World Cup,International - FIFA World Cup,106,2022,776,Denmark,male,D,61,Denmark,777,Tunisia,male,D,232,Tunisia,10,Group Stage,94425,Education City Stadium ,185,Qatar,740.0,César Arturo Ramos Palazuelos,147.0,Mexico,Kasper Hjulmand,Jalel Kadri,255,Kasper Hjulmand,,1972-04-09,61,Denmark,1001303,Jalel Kadri,,,232,Tunisia,1.1.0,2,2,World Cup 2022
3857265,2022-11-22,16:00:00.000,0,0,available,available,2026-05-04T01:43:48.794701,2026-05-04T01:51:23.890963,1,43,International,FIFA World Cup,International - FIFA World Cup,106,2022,794,Mexico,male,C,147,Mexico,789,Poland,male,C,182,Poland,10,Group Stage,1001115,Stadium 974,185,Qatar,1701.0,Chris Beath,14.0,Australia,Gerardo Daniel Martino,Czesław Michniewicz,163,Gerardo Daniel Martino,Gerardo Martino,1962-11-20,11,Argentina,5294,Czesław Michniewicz,,1970-02-12,182,Poland,1.1.0,2,2,World Cup 2022
3857301,2022-11-25,13:00:00.000,1,3,available,available,2026-05-03T16:12:29.804835,2026-05-03T16:14:47.871576,2,43,International,FIFA World Cup,International - FIFA World Cup,106,2022,3566,Qatar,male,A,185,Qatar,787,Senegal,male,A,202,Senegal,10,Group Stage,1000838,Al Thumama Stadium,185,Qatar,180.0,Antonio Miguel Mateu Lahoz,214.0,Spain,Félix Sánchez Bas,Aliou Cissé,5710,Félix Sánchez Bas,Félix Sánchez,1975-12-13,214,Spain,635,Aliou Cissé,,1976-03-24,202,Senegal,1.1.0,2,2,World Cup 2022
3857268,2022-11-23,19:00:00.000,1,0,available,available,2026-05-03T15:36:23.883803,2026-05-03T15:37:35.137739,1,43,International,FIFA World Cup,International - FIFA World Cup,106,2022,782,Belgium,male,F,22,Belgium,1833,Canada,male,F,40,Canada,10,Group Stage,1000793,Ahmad bin Ali Stadium,185,Qatar,743.0,Janny Sikazwe,253.0,Zambia,Roberto Martínez Montoliú,John Herdman,263,Roberto Martínez Montoliú,Roberto Martínez,1973-07-13,214,Spain,4435,John Herdman,,1975-07-19,68,England,1.1.0,2,2,World Cup 2022
3857269,2022-11-28,16:00:00.000,1,0,available,available,2026-05-03T15:39:50.454624,2026-05-03T15:42:08.277224,2,43,International,FIFA World Cup,International - FIFA World Cup,106,2022,781,Brazil,male,G,31,Brazil,773,Switzerland,male,G,221,Switzerland,10,Group Stage,1001115,Stadium 974,185,Qatar,1834.0,Ivan Arcides Barton Cisneros,67.0,El Salvador,Adenor Leonardo Bacchi,Murat Yakin,547,Adenor Leonardo Bacchi,Tite,1961-05-25,31,Brazil,2832,Murat Yakin,,1974-09-15,221,Switzerland,1.1.0,2,2,World Cup 2022
3869321,2022-12-09,19:00:00.000,2,2,available,available,2025-09-04T17:24:28.888436,2025-09-07T08:42:38.594465,5,43,International,FIFA World Cup,International - FIFA World Cup,106,2022,941,Netherlands,male,,160,Netherlands,779,Argentina,male,,11,Argentina,11,Quarter-finals,1001114,Lusail Stadium,185,Qatar,180.0,Antonio Miguel Mateu Lahoz,214.0,Spain,Louis van Gaal,Lionel Sebastián Scaloni,788,Louis van Gaal,,1951-08-08,160,Netherlands,5677,Lionel Sebastián Scaloni,,1978-05-16,11,Argentina,1.1.0,2,2,World Cup 2022
3857292,2022-12-01,19:00:00.000,2,4,available,available,2026-05-04T01:45:05.896715,2026-05-04T01:50:55.648198,3,43,International,FIFA World Cup,International - FIFA World Cup,106,2022,795,Costa Rica,male,E,54,Costa Rica,770,Germany,male,E,85,Germany,10,Group Stage,1001113,Al Bayt Stadium,185,Qatar,128.0,Stéphanie Frappart,78.0,France,Luis Fernando Suárez Guzman,Hans-Dieter Flick,3094,Luis Fernando Suárez Guzman,Luis Fernando Suárez,1959-12-23,49,Colombia,3371,Hans-Dieter Flick,,1965-02-24,85,Germany,1.1.0,2,2,World Cup 2022
3857295,2022-11-27,10:00:00.000,0,1,available,available,2026-05-04T01:46:01.531091,2026-05-04T01:48:37.076540,2,43,International,FIFA World Cup,International - FIFA World Cup,106,2022,778,Japan,male,E,114,Japan,795,Costa Rica,male,E,54,Costa Rica,10,Group Stage,1000793,Ahmad bin Ali Stadium,185,Qatar,1.0,Michael Oliver,68.0,England,Hajime Moriyasu,Luis Fernando Suárez Guzman,5699,Hajime Moriyasu,,1968-08-23,114,Japan,3094,Luis Fernando Suárez Guzman,Luis Fernando Suárez,1959-12-23,49,Colombia,1.1.0,2,2,World Cup 2022
3869685,2022-12-18,17:00:00.000,3,3,available,available,2024-12-16T10:15:11.055845,2024-12-16T10:21:13.710934,7,43,International,FIFA World Cup,International - FIFA World Cup,106,2022,779,Argentina,male,,11,Argentina,771,France,male,,78,France,26,Final,1001114,Lusail Stadium,185,Qatar,367.0,Szymon Marciniak,182.0,Poland,Lionel Sebastián Scaloni,Didier Deschamps,5677,Lionel Sebastián Scaloni,,1978-05-16,11,Argentina,545,Didier Deschamps,,1968-10-15,78,France,1.1.0,2,2,World Cup 2022
3869684,2022-12-17,17:00:00.000,2,1,available,available,2024-02-13T13:43:25.154307,2024-02-13T13:44:03.865296,7,43,International,FIFA World Cup,International - FIFA World Cup,106,2022,785,Croatia,male,,56,Croatia,788,Morocco,male,,154,Morocco,25,3rd Place Final,1000253,Sheikh Khalifa International Stadium,185,Qatar,2521.0,Abdulrahman Ibrahim Al Jassim,185.0,Qatar,Zlatko Dalić,Walid Regragui,307,Zlatko Dalić,,1966-10-26,56,Croatia,1000518,Walid Regragui,,1975-09-23,154,Morocco,1.1.0,2,2,World Cup 2022
3857256,2022-12-02,19:00:00.000,2,3,available,available,2026-05-03T16:13:42.681786,2026-05-03T16:15:23.898987,3,43,International,FIFA World Cup,International - FIFA World Cup,106,2022,786,Serbia,male,G,203,Serbia,773,Switzerland,male,G,221,Switzerland,10,Group Stage,1001115,Stadium 974,185,Qatar,1121.0,Fernando Andrés Rapallini,11.0,Argentina,Dragan Stojković,Murat Yakin,5908,Dragan Stojković,,1965-03-03,203,Serbia,2832,Murat Yakin,,1974-09-15,221,Switzerland,1.1.0,2,2,World Cup 2022
3869151,2022-12-03,21:00:00.000,2,1,available,available,2023-10-15T16:39:52.237396,2023-10-15T17:09:05.163199,4,43,International,FIFA World Cup,International - FIFA World Cup,106,2022,779,Argentina,male,,11,Argentina,792,Australia,male,,14,Australia,33,Round of 16,1000793,Ahmad bin Ali Stadium,185,Qatar,367.0,Szymon Marciniak,182.0,Poland,Lionel Sebastián Scaloni,Graham James Arnold,5677,Lionel Sebastián Scaloni,,1978-05-16,11,Argentina,5696,Graham James Arnold,,1963-08-03,14,Australia,1.1.0,2,2,World Cup 2022
3857257,2022-11-30,15:00:00.000,1,0,available,available,2026-05-04T01:41:43.045239,2026-05-04T01:43:36.058958,3,43,International,FIFA World Cup,International - FIFA World Cup,106,2022,792,Australia,male,D,14,Australia,776,Denmark,male,D,61,Denmark,10,Group Stage,117897,Al Janoub Stadium   ,185,Qatar,2311.0,Mustapha Ghorbal,4.0,Algeria,Graham James Arnold,Kasper Hjulmand,5696,Graham James Arnold,,1963-08-03,14,Australia,255,Kasper Hjulmand,,1972-04-09,61,Denmark,1.1.0,2,2,World Cup 2022
3857258,2022-11-24,19:00:00.000,2,0,available,available,2026-05-03T15:37:32.723849,2026-05-03T15:40:04.875373,1,43,International,FIFA World Cup,International - FIFA World Cup,106,2022,781,Brazil,male,G,31,Brazil,786,Serbia,male,G,203,Serbia,10,Group Stage,1001114,Lusail Stadium,185,Qatar,741.0,Alireza Faghani,14.0,Australia,Adenor Leonardo Bacchi,Dragan Stojković,547,Adenor Leonardo Bacchi,Tite,1961-05-25,31,Brazil,5908,Dragan Stojković,,1965-03-03,203,Serbia,1.1.0,2,2,World Cup 2022
3857288,2022-11-26,10:00:00.000,0,1,available,available,2026-05-03T16:06:07.859490,2026-05-03T16:07:08.163738,2,43,International,FIFA World Cup,International - FIFA World Cup,106,2022,777,Tunisia,male,D,232,Tunisia,792,Australia,male,D,14,Australia,10,Group Stage,117897,Al Janoub Stadium   ,185,Qatar,225.0,Daniel Siebert,85.0,Germany,Jalel Kadri,Graham James Arnold,1001303,Jalel Kadri,,,232,Tunisia,5696,Graham James Arnold,,1963-08-03,14,Australia,1.1.0,2,2,World Cup 2022
3857267,2022-11-29,15:00:00.000,1,2,available,available,2026-05-04T01:48:57.914346,2026-05-04T01:53:40.309717,3,43,International,FIFA World Cup,International - FIFA World Cup,106,2022,3565,Ecuador,male,A,65,Ecuador,787,Senegal,male,A,202,Senegal,10,Group Stage,1000253,Sheikh Khalifa International Stadium,185,Qatar,76.0,Clément Turpin,78.0,France,Gustavo Julio Alfaro,Aliou Cissé,2881,Gustavo Julio Alfaro,Gustavo Alfaro,1962-08-14,11,Argentina,635,Aliou Cissé,,1976-03-24,202,Senegal,1.1.0,2,2,World Cup 2022
3857287,2022-11-24,13:00:00.000,0,0,available,available,2026-05-03T16:10:31.253448,2026-05-03T16:16:14.386741,1,43,International,FIFA World Cup,International - FIFA World Cup,106,2022,783,Uruguay,male,H,242,Uruguay,791,South Korea,male,H,121,Korea (South),10,Group Stage,94425,Education City Stadium ,185,Qatar,76.0,Clément Turpin,78.0,France,Diego Martín Alonso López,Paulo Jorge Gomes Bento,3633,Diego Martín Alonso López,Diego Alonso,1975-04-16,242,Uruguay,5688,Paulo Jorge Gomes Bento,Paulo Bento,1969-06-20,183,Portugal,1.1.0,2,2,World Cup 2022
3869486,2022-12-10,17:00:00.000,1,0,available,available,2024-02-06T16:35:57.395966,2024-02-06T16:39:05.200810,5,43,International,FIFA World Cup,International - FIFA World Cup,106,2022,788,Morocco,male,,154,Morocco,780,Portugal,male,,183,Portugal,11,Quarter-finals,1000838,Al Thumama Stadium,185,Qatar,1094.0,Facundo Tello Figueroa,11.0,Argentina,Hoalid Regragui,Fernando Manuel Fernandes da Costa Santos,1001086,Hoalid Regragui,,1975-09-23,154,Morocco,607,Fernando Manuel Fernandes da Costa Santos,Fernando Santos,1954-10-10,183,Portugal,1.1.0,2,2,World Cup 2022
3857260,2022-11-30,19:00:00.000,1,2,available,available,2026-05-03T16:10:45.589086,2026-05-03T16:16:42.459756,3,43,International,FIFA World Cup,International - FIFA World Cup,106,2022,799,Saudi Arabia,male,C,200,Saudi Arabia,794,Mexico,male,C,147,Mexico,10,Group Stage,1001114,Lusail Stadium,185,Qatar,1.0,Michael Oliver,68.0,England,Hervé Renard,Gerardo Daniel Martino,642,Hervé Renard,,1968-09-30,78,France,163,Gerardo Daniel Martino,Gerardo Martino,1962-11-20,11,Argentina,1.1.0,2,2,World Cup 2022
3857264,2022-11-30,19:00:00.000,0,2,available,available,2026-05-03T16:11:49.934680,2026-05-03T16:16:14.789834,3,43,International,FIFA World Cup,International - FIFA World Cup,106,2022,789,Poland,male,C,182,Poland,779,Argentina,male,C,11,Argentina,10,Group Stage,1001115,Stadium 974,185,Qatar,293.0,Danny Desmond Makkelie,160.0,Netherlands,Czesław Michniewicz,Lionel Sebastián Scaloni,5294,Czesław Michniewicz,,1970-02-12,182,Poland,5677,Lionel Sebastián Scaloni,,1978-05-16,11,Argentina,1.1.0,2,2,World Cup 2022
3857289,2022-11-26,19:00:00.000,2,0,available,available,2026-05-04T01:44:58.471722,2026-05-04T01:49:14.941205,2,43,International,FIFA World Cup,International - FIFA World Cup,106,2022,779,Argentina,male,C,11,Argentina,794,Mexico,male,C,147,Mexico,10,Group Stage,1001114,Lusail Stadium,185,Qatar,269.0,Daniele Orsato,112.0,Italy,Lionel Sebastián Scaloni,Gerardo Daniel Martino,5677,Lionel Sebastián Scaloni,,1978-05-16,11,Argentina,163,Gerardo Daniel Martino,Gerardo Martino,1962-11-20,11,Argentina,1.1.0,2,2,World Cup 2022
3869254,2022-12-06,21:00:00.000,6,1,available,available,2023-10-31T08:50:23.629502,2023-10-31T08:52:42.971689,4,43,International,FIFA World Cup,International - FIFA World Cup,106,2022,780,Portugal,male,,183,Portugal,773,Switzerland,male,,221,Switzerland,33,Round of 16,1001114,Lusail Stadium,185,Qatar,740.0,César Arturo Ramos Palazuelos,147.0,Mexico,Fernando Manuel Fernandes da Costa Santos,Murat Yakin,607,Fernando Manuel Fernandes da Costa Santos,Fernando Santos,1954-10-10,183,Portugal,2832,Murat Yakin,,1974-09-15,221,Switzerland,1.1.0,2,2,World Cup 2022
3869118,2022-12-04,21:00:00.000,3,0,available,available,2023-07-15T22:01:09.812380,2023-07-15T22:01:52.119586,4,43,International,FIFA World Cup,International - FIFA World Cup,106,2022,768,England,male,,68,England,787,Senegal,male,,202,Senegal,33,Round of 16,1001113,Al Bayt Stadium,185,Qatar,1834.0,Ivan Arcides Barton Cisneros,67.0,El Salvador,Gareth Southgate,Aliou Cissé,277,Gareth Southgate,,1970-09-03,68,England,635,Aliou Cissé,,1976-03-24,202,Senegal,1.1.0,2,2,World Cup 2022
3869519,2022-12-13,21:00:00.000,3,0,available,available,2023-04-19T06:53:52.197711,2023-04-26T22:32:37.808359,6,43,International,FIFA World Cup,International - FIFA World Cup,106,2022,779,Argentina,male,,11,Argentina,785,Croatia,male,,56,Croatia,15,Semi-finals,1001114,Lusail Stadium,185,Qatar,269.0,Daniele Orsato,112.0,Italy,Lionel Sebastián Scaloni,Zlatko Dalić,5677,Lionel Sebastián Scaloni,,1978-05-16,11,Argentina,307,Zlatko Dalić,,1966-10-26,56,Croatia,1.1.0,2,2,World Cup 2022
3869354,2022-12-10,21:00:00.000,1,2,available,available,2023-03-21T07:09:52.867230,2023-04-26T22:57:33.780657,5,43,International,FIFA World Cup,International - FIFA World Cup,106,2022,768,England,male,,68,England,771,France,male,,78,France,11,Quarter-finals,1001113,Al Bayt Stadium,185,Qatar,986.0,Wilton Pereira Sampaio,31.0,Brazil,Gareth Southgate,Didier Deschamps,277,Gareth Southgate,,1970-09-03,68,England,545,Didier Deschamps,,1968-10-15,78,France,1.1.0,2,2,World Cup 2022
3869552,2022-12-14,21:00:00.000,2,0,available,available,2024-02-06T16:36:46.784457,2024-02-06T16:45:42.775801,6,43,International,FIFA World Cup,International - FIFA World Cup,106,2022,771,France,male,,78,France,788,Morocco,male,,154,Morocco,15,Semi-finals,1001113,Al Bayt Stadium,185,Qatar,740.0,César Arturo Ramos Palazuelos,147.0,Mexico,Didier Deschamps,Hoalid Regragui,545,Didier Deschamps,,1968-10-15,78,France,1001086,Hoalid Regragui,,1975-09-23,154,Morocco,1.1.0,2,2,World Cup 2022
3869420,2022-12-09,17:00:00.000,1,1,available,available,2023-04-19T06:28:33.041249,2023-04-26T23:04:13.569501,5,43,International,FIFA World Cup,International - FIFA World Cup,106,2022,785,Croatia,male,,56,Croatia,781,Brazil,male,,31,Brazil,11,Quarter-finals,94425,Education City Stadium ,185,Qatar,1.0,Michael Oliver,68.0,England,Zlatko Dalić,Telê Santana da Silva,307,Zlatko Dalić,,1966-10-26,56,Croatia,4704,Telê Santana da Silva,Telê Santana,1931-07-26,31,Brazil,1.1.0,2,2,World Cup 2022
3869220,2022-12-06,17:00:00.000,0,0,available,available,2024-02-06T16:35:08.292898,2024-02-06T16:39:39.094800,4,43,International,FIFA World Cup,International - FIFA World Cup,106,2022,788,Morocco,male,,154,Morocco,772,Spain,male,,214,Spain,33,Round of 16,94425,Education City Stadium ,185,Qatar,1121.0,Fernando Andrés Rapallini,11.0,Argentina,Hoalid Regragui,Luis Enrique Martínez García,1001086,Hoalid Regragui,,1975-09-23,154,Morocco,793,Luis Enrique Martínez García,Luis Enrique,1970-05-08,214,Spain,1.1.0,2,2,World Cup 2022
3869219,2022-12-05,17:00:00.000,1,1,available,available,2023-03-18T12:56:12.567784,2023-06-21T16:56:21.929024,4,43,International,FIFA World Cup,International - FIFA World Cup,106,2022,778,Japan,male,,114,Japan,785,Croatia,male,,56,Croatia,33,Round of 16,117897,Al Janoub Stadium   ,185,Qatar,438.0,Ismail Elfath,241.0,United States of America,Hajime Moriyasu,Zlatko Dalić,5699,Hajime Moriyasu,,1968-08-23,114,Japan,307,Zlatko Dalić,,1966-10-26,56,Croatia,1.1.0,2,2,World Cup 2022
3869253,2022-12-05,21:00:00.000,4,1,available,available,2023-06-06T07:12:35.194539,2023-06-19T13:27:43.114201,4,43,International,FIFA World Cup,International - FIFA World Cup,106,2022,781,Brazil,male,,31,Brazil,791,South Korea,male,,121,Korea (South),33,Round of 16,1001115,Stadium 974,185,Qatar,76.0,Clément Turpin,78.0,France,Adenor Leonardo Bacchi,Paulo Jorge Gomes Bento,547,Adenor Leonardo Bacchi,Tite,1961-05-25,31,Brazil,5688,Paulo Jorge Gomes Bento,Paulo Bento,1969-06-20,183,Portugal,1.1.0,2,2,World Cup 2022
3869152,2022-12-04,17:00:00.000,3,1,available,available,2023-03-29T17:33:46.676666,2023-06-18T15:31:37.811846,4,43,International,FIFA World Cup,International - FIFA World Cup,106,2022,771,France,male,,78,France,789,Poland,male,,182,Poland,33,Round of 16,1000838,Al Thumama Stadium,185,Qatar,1847.0,Jesús Valenzuela Sáez,246.0,Venezuela (Bolivarian Republic),Didier Deschamps,Czesław Michniewicz,545,Didier Deschamps,,1968-10-15,78,France,5294,Czesław Michniewicz,,1970-02-12,182,Poland,1.1.0,2,2,World Cup 2022
3869117,2022-12-03,17:00:00.000,3,1,available,available,2023-03-19T06:42:53.735484,2023-04-26T23:37:58.786835,4,43,International,FIFA World Cup,International - FIFA World Cup,106,2022,941,Netherlands,male,,160,Netherlands,1839,United States,male,,241,United States of America,33,Round of 16,1000253,Sheikh Khalifa International Stadium,185,Qatar,986.0,Wilton Pereira Sampaio,31.0,Brazil,Louis van Gaal,Gregg Berhalter,788,Louis van Gaal,,1951-08-08,160,Netherlands,93,Gregg Berhalter,,1973-08-01,241,United States of America,1.1.0,2,2,World Cup 2022
3857270,2022-11-28,19:00:00.000,2,0,available,available,2026-05-03T16:08:58.928274,2026-05-03T16:12:46.065558,2,43,International,FIFA World Cup,International - FIFA World Cup,106,2022,780,Portugal,male,H,183,Portugal,783,Uruguay,male,H,242,Uruguay,10,Group Stage,1001114,Lusail Stadium,185,Qatar,741.0,Alireza Faghani,14.0,Australia,Fernando Manuel Fernandes da Costa Santos,Diego Martín Alonso López,607,Fernando Manuel Fernandes da Costa Santos,Fernando Santos,1954-10-10,183,Portugal,3633,Diego Martín Alonso López,Diego Alonso,1975-04-16,242,Uruguay,1.1.0,2,2,World Cup 2022
3857263,2022-11-27,19:00:00.000,1,1,available,available,2026-05-03T16:07:06.421378,2026-05-03T16:10:26.484913,2,43,International,FIFA World Cup,International - FIFA World Cup,106,2022,772,Spain,male,E,214,Spain,770,Germany,male,E,85,Germany,10,Group Stage,1001113,Al Bayt Stadium,185,Qatar,293.0,Danny Desmond Makkelie,160.0,Netherlands,Luis Enrique Martínez García,Hans-Dieter Flick,793,Luis Enrique Martínez García,Luis Enrique,1970-05-08,214,Spain,3371,Hans-Dieter Flick,,1965-02-24,85,Germany,1.1.0,2,2,World Cup 2022
3857259,2022-11-28,10:00:00.000,3,3,available,available,2026-05-03T15:40:54.036463,2026-05-03T15:42:45.260902,2,43,International,FIFA World Cup,International - FIFA World Cup,106,2022,2722,Cameroon,male,G,39,Cameroon,786,Serbia,male,G,203,Serbia,10,Group Stage,117897,Al Janoub Stadium   ,185,Qatar,737.0,Mohamed Abdulla Hassan Mohd,239.0,United Arab Emirates,Rigobert Song Bahanag,Dragan Stojković,1001250,Rigobert Song Bahanag,,1976-07-01,39,Cameroon,5908,Dragan Stojković,,1965-03-03,203,Serbia,1.1.0,2,2,World Cup 2022
3857283,2022-11-27,13:00:00.000,0,2,available,available,2026-05-03T15:38:39.723735,2026-05-03T15:40:42.835778,2,43,International,FIFA World Cup,International - FIFA World Cup,106,2022,782,Belgium,male,F,22,Belgium,788,Morocco,male,,154,Morocco,10,Group Stage,1000838,Al Thumama Stadium,185,Qatar,740.0,César Arturo Ramos Palazuelos,147.0,Mexico,Roberto Martínez Montoliú,Walid Regragui,263,Roberto Martínez Montoliú,Roberto Martínez,1973-07-13,214,Spain,1000518,Walid Regragui,,1975-09-23,154,Morocco,1.1.0,2,2,World Cup 2022
3857286,2022-11-20,16:00:00.000,0,2,available,available,2026-05-03T16:05:33.394676,2026-05-03T16:08:18.843212,1,43,International,FIFA World Cup,International - FIFA World Cup,106,2022,3566,Qatar,male,A,185,Qatar,3565,Ecuador,male,A,65,Ecuador,10,Group Stage,1001113,Al Bayt Stadium,185,Qatar,269.0,Daniele Orsato,112.0,Italy,Félix Sánchez Bas,Gustavo Julio Alfaro,5710,Félix Sánchez Bas,Félix Sánchez,1975-12-13,214,Spain,2881,Gustavo Julio Alfaro,Gustavo Alfaro,1962-08-14,11,Argentina,1.1.0,2,2,World Cup 2022
3857300,2022-11-22,10:00:00.000,1,2,available,available,2026-05-04T01:42:53.551210,2026-05-04T01:51:00.290088,1,43,International,FIFA World Cup,International - FIFA World Cup,106,2022,779,Argentina,male,C,11,Argentina,799,Saudi Arabia,male,C,200,Saudi Arabia,10,Group Stage,1001114,Lusail Stadium,185,Qatar,943.0,Slavko Vinčić,208.0,Slovenia,Lionel Sebastián Scaloni,Hervé Renard,5677,Lionel Sebastián Scaloni,,1978-05-16,11,Argentina,642,Hervé Renard,,1968-09-30,78,France,1.1.0,2,2,World Cup 2022
3857299,2022-11-28,13:00:00.000,2,3,available,available,2026-05-03T16:08:02.234658,2026-05-03T16:12:09.602169,2,43,International,FIFA World Cup,International - FIFA World Cup,106,2022,791,South Korea,male,H,121,Korea (South),4885,Ghana,male,H,86,Ghana,10,Group Stage,94425,Education City Stadium ,185,Qatar,8.0,Anthony Taylor,68.0,England,Paulo Jorge Gomes Bento,Otto Addo,5688,Paulo Jorge Gomes Bento,Paulo Bento,1969-06-20,183,Portugal,1001251,Otto Addo,,1975-06-09,86,Ghana,1.1.0,2,2,World Cup 2022
3857293,2022-12-02,15:00:00.000,0,2,available,available,2026-05-04T01:47:06.968111,2026-05-04T01:49:10.912090,3,43,International,FIFA World Cup,International - FIFA World Cup,106,2022,4885,Ghana,male,H,86,Ghana,783,Uruguay,male,H,242,Uruguay,10,Group Stage,117897,Al Janoub Stadium   ,185,Qatar,225.0,Daniel Siebert,85.0,Germany,Otto Addo,Diego Martín Alonso López,1001251,Otto Addo,,1975-06-09,86,Ghana,3633,Diego Martín Alonso López,Diego Alonso,1975-04-16,242,Uruguay,1.1.0,2,2,World Cup 2022
3857291,2022-11-23,16:00:00.000,7,0,available,available,2026-05-03T16:08:38.580488,2026-05-03T16:12:13.412295,1,43,International,FIFA World Cup,International - FIFA World Cup,106,2022,772,Spain,male,E,214,Spain,795,Costa Rica,male,E,54,Costa Rica,10,Group Stage,1000838,Al Thumama Stadium,185,Qatar,,,,,Luis Enrique Martínez García,Luis Fernando Suárez Guzman,793,Luis Enrique Martínez García,Luis Enrique,1970-05-08,214,Spain,3094,Luis Fernando Suárez Guzman,Luis Fernando Suárez,1959-12-23,49,Colombia,1.1.0,2,2,World Cup 2022
3857281,2022-11-27,16:00:00.000,4,1,available,available,2026-05-04T01:47:00.853566,2026-05-04T01:51:52.104873,2,43,International,FIFA World Cup,International - FIFA World Cup,106,2022,785,Croatia,male,F,56,Croatia,1833,Canada,male,F,40,Canada,10,Group Stage,1000253,Sheikh Khalifa International Stadium,185,Qatar,1814.0,Andrés Matonte,242.0,Uruguay,Zlatko Dalić,John Herdman,307,Zlatko Dalić,,1966-10-26,56,Croatia,4435,John Herdman,,1975-07-19,68,England,1.1.0,2,2,World Cup 2022
3857280,2022-12-02,19:00:00.000,1,0,available,available,2026-05-03T15:41:58.839286,2026-05-03T15:44:07.018244,3,43,International,FIFA World Cup,International - FIFA World Cup,106,2022,2722,Cameroon,male,G,39,Cameroon,781,Brazil,male,G,31,Brazil,10,Group Stage,1001114,Lusail Stadium,185,Qatar,438.0,Ismail Elfath,241.0,United States of America,Rigobert Song Bahanag,Adenor Leonardo Bacchi,1001250,Rigobert Song Bahanag,,1976-07-01,39,Cameroon,547,Adenor Leonardo Bacchi,Tite,1961-05-25,31,Brazil,1.1.0,2,2,World Cup 2022
3857279,2022-11-22,19:00:00.000,4,1,available,available,2026-05-04T01:44:53.405576,2026-05-04T01:50:33.615237,1,43,International,FIFA World Cup,International - FIFA World Cup,106,2022,771,France,male,D,78,France,792,Australia,male,D,14,Australia,10,Group Stage,117897,Al Janoub Stadium   ,185,Qatar,2366.0,Victor Miguel de Freitas Gomes,211.0,South Africa,Didier Deschamps,Graham James Arnold,545,Didier Deschamps,,1968-10-15,78,France,5696,Graham James Arnold,,1963-08-03,14,Australia,1.1.0,2,2,World Cup 2022
3857262,2022-12-02,15:00:00.000,2,1,available,available,2026-05-03T16:05:21.572751,2026-05-03T16:07:48.636747,3,43,International,FIFA World Cup,International - FIFA World Cup,106,2022,791,South Korea,male,H,121,Korea (South),780,Portugal,male,H,183,Portugal,10,Group Stage,94425,Education City Stadium ,185,Qatar,1094.0,Facundo Tello Figueroa,11.0,Argentina,Paulo Jorge Gomes Bento,Fernando Manuel Fernandes da Costa Santos,5688,Paulo Jorge Gomes Bento,Paulo Bento,1969-06-20,183,Portugal,607,Fernando Manuel Fernandes da Costa Santos,Fernando Santos,1954-10-10,183,Portugal,1.1.0,2,2,World Cup 2022
3788758,2021-06-17,13:00:00.000,2,1,available,available,2026-05-09T08:43:52.942714,2026-05-09T08:47:21.438061,2,55,Europe,UEFA Euro,Europe - UEFA Euro,43,2020,911,Ukraine,male,C,238,Ukraine,2358,North Macedonia,male,C,135,"Macedonia, Republic of",10,Group Stage,4365,Arena Naţională,187,Romania,1121.0,Fernando Andrés Rapallini,11.0,Argentina,Andrii Shevchenko,Igor Angelovski,2303,Andrii Shevchenko,,1976-09-29,238,Ukraine,4172,Igor Angelovski,,1976-06-02,135,"Macedonia, Republic of",1.1.0,2,2,Euro 2020
3788773,2021-06-23,19:00:00.000,2,2,available,available,2026-05-09T08:40:28.668942,2026-05-09T08:41:55.755211,3,55,Europe,UEFA Euro,Europe - UEFA Euro,43,2020,780,Portugal,male,F,183,Portugal,771,France,male,F,78,France,10,Group Stage,116551,Puskás Aréna,103,Hungary,180.0,Antonio Miguel Mateu Lahoz,214.0,Spain,Fernando Manuel Fernandes da Costa Santos,Didier Deschamps,607,Fernando Manuel Fernandes da Costa Santos,Fernando Santos,1954-10-10,183,Portugal,545,Didier Deschamps,,1968-10-15,78,France,1.1.0,2,2,Euro 2020
3788765,2021-06-20,16:00:00.000,3,1,available,available,2026-05-09T08:47:11.834605,2026-05-09T08:50:43.179455,3,55,Europe,UEFA Euro,Europe - UEFA Euro,43,2020,773,Switzerland,male,A,221,Switzerland,909,Turkey,male,A,233,Turkey,10,Group Stage,4549,Bakı Olimpiya Stadionu,16,Azerbaijan,943.0,Slavko Vinčić,208.0,Slovenia,Vladimir Petković,Şenol Güneş,492,Vladimir Petković,,1963-08-15,28,Bosnia and Herzegovina,701,Şenol Güneş,,1952-06-01,233,Turkey,1.1.0,2,2,Euro 2020
3788761,2021-06-18,13:00:00.000,1,0,available,available,2026-05-09T08:45:00.221474,2026-05-09T08:47:40.751022,2,55,Europe,UEFA Euro,Europe - UEFA Euro,43,2020,790,Sweden,male,E,220,Sweden,908,Slovakia,male,E,207,Slovakia,10,Group Stage,4726,Saint-Petersburg Stadium ( Gazprom Arena ),188,Russia,225.0,Daniel Siebert,85.0,Germany,Jan Olof Andersson,Štefan Tarkovič,549,Jan Olof Andersson,,1962-09-29,220,Sweden,5363,Štefan Tarkovič,,1973-02-18,207,Slovakia,1.1.0,2,2,Euro 2020
3788760,2021-06-18,16:00:00.000,1,1,available,available,2026-05-09T08:46:02.678251,2026-05-09T08:46:32.249784,2,55,Europe,UEFA Euro,Europe - UEFA Euro,43,2020,785,Croatia,male,D,56,Croatia,912,Czech Republic,male,D,60,Czech Republic,10,Group Stage,52986,Hampden Park,201,Scotland,2728.0,Carlos del Cerro Grande,214.0,Spain,Zlatko Dalić,Jaroslav Šilhavý,307,Zlatko Dalić,,1966-10-26,56,Croatia,183,Jaroslav Šilhavý,,1961-11-03,60,Czech Republic,1.1.0,2,2,Euro 2020
3795108,2021-07-02,16:00:00.000,1,1,available,available,2026-05-06T23:29:25.017271,2026-05-06T23:31:40.161883,5,55,Europe,UEFA Euro,Europe - UEFA Euro,43,2020,773,Switzerland,male,A,221,Switzerland,772,Spain,male,E,214,Spain,11,Quarter-finals,4726,Saint-Petersburg Stadium ( Gazprom Arena ),188,Russia,1.0,Michael Oliver,68.0,England,Vladimir Petković,Luis Enrique Martínez García,492,Vladimir Petković,,1963-08-15,28,Bosnia and Herzegovina,793,Luis Enrique Martínez García,Luis Enrique,1970-05-08,214,Spain,1.1.0,2,2,Euro 2020
3794687,2021-06-27,19:00:00.000,1,0,available,available,2026-05-06T23:32:26.915562,2026-05-06T23:36:27.356611,4,55,Europe,UEFA Euro,Europe - UEFA Euro,43,2020,782,Belgium,male,,22,Belgium,780,Portugal,male,,183,Portugal,33,Round of 16,117374,Estadio de La Cartuja,214,Spain,186.0,Felix Brych,85.0,Germany,Roberto Martínez Montoliú,Fernando Manuel Fernandes da Costa Santos,263,Roberto Martínez Montoliú,Roberto Martínez,1973-07-13,214,Spain,607,Fernando Manuel Fernandes da Costa Santos,Fernando Santos,1954-10-10,183,Portugal,1.1.0,2,2,Euro 2020
3794690,2021-06-27,16:00:00.000,0,2,available,available,2026-05-06T23:31:20.360962,2026-05-06T23:36:06.127194,4,55,Europe,UEFA Euro,Europe - UEFA Euro,43,2020,941,Netherlands,male,,160,Netherlands,912,Czech Republic,male,,60,Czech Republic,33,Round of 16,116551,Puskás Aréna,103,Hungary,725.0,Sergey Karasev,188.0,Russia,Frank de Boer,Jaroslav Šilhavý,686,Frank de Boer,,1970-05-15,160,Netherlands,183,Jaroslav Šilhavý,,1961-11-03,60,Czech Republic,1.1.0,2,2,Euro 2020
3794685,2021-06-26,19:00:00.000,2,1,available,available,2026-05-06T23:30:19.951323,2026-05-06T23:32:58.985332,4,55,Europe,UEFA Euro,Europe - UEFA Euro,43,2020,914,Italy,male,,112,Italy,915,Austria,male,,15,Austria,33,Round of 16,4666,Wembley Stadium,68,England,8.0,Anthony Taylor,68.0,England,Roberto Mancini,Franco Foda,2997,Roberto Mancini,,1964-11-27,112,Italy,4061,Franco Foda,,1966-04-23,85,Germany,1.1.0,2,2,Euro 2020
3794692,2021-06-29,19:00:00.000,1,2,available,available,2026-05-06T23:27:21.234138,2026-05-06T23:28:01.683644,4,55,Europe,UEFA Euro,Europe - UEFA Euro,43,2020,790,Sweden,male,,220,Sweden,911,Ukraine,male,,238,Ukraine,33,Round of 16,52986,Hampden Park,201,Scotland,269.0,Daniele Orsato,112.0,Italy,Jan Olof Andersson,Andrii Shevchenko,549,Jan Olof Andersson,,1962-09-29,220,Sweden,2303,Andrii Shevchenko,,1976-09-29,238,Ukraine,1.1.0,2,2,Euro 2020
3794689,2021-06-26,16:00:00.000,0,4,available,available,2026-05-06T23:28:56.883924,2026-05-06T23:32:30.220374,4,55,Europe,UEFA Euro,Europe - UEFA Euro,43,2020,907,Wales,male,,249,Wales,776,Denmark,male,,61,Denmark,33,Round of 16,4815,Johan Cruijff Arena (Amsterdam),160,Netherlands,225.0,Daniel Siebert,85.0,Germany,Robert Page,Kasper Hjulmand,1000471,Robert Page,,1974-09-03,249,Wales,255,Kasper Hjulmand,,1972-04-09,61,Denmark,1.1.0,2,2,Euro 2020
3795107,2021-07-02,19:00:00.000,1,2,available,available,2026-05-06T23:28:14.415972,2026-05-06T23:30:41.006856,5,55,Europe,UEFA Euro,Europe - UEFA Euro,43,2020,782,Belgium,male,,22,Belgium,914,Italy,male,,112,Italy,11,Quarter-finals,4867,Allianz Arena,85,Germany,943.0,Slavko Vinčić,208.0,Slovenia,Roberto Martínez Montoliú,Roberto Mancini,263,Roberto Martínez Montoliú,Roberto Martínez,1973-07-13,214,Spain,2997,Roberto Mancini,,1964-11-27,112,Italy,1.1.0,2,2,Euro 2020
3795187,2021-07-03,19:00:00.000,0,4,available,available,2026-05-06T23:31:18.449163,2026-05-06T23:35:33.189997,5,55,Europe,UEFA Euro,Europe - UEFA Euro,43,2020,911,Ukraine,male,,238,Ukraine,768,England,male,,68,England,11,Quarter-finals,381,Estadio Olímpico,112,Italy,186.0,Felix Brych,85.0,Germany,Andrii Shevchenko,Gareth Southgate,2303,Andrii Shevchenko,,1976-09-29,238,Ukraine,277,Gareth Southgate,,1970-09-03,68,England,1.1.0,2,2,Euro 2020
3795220,2021-07-06,19:00:00.000,1,1,available,available,2026-05-06T23:32:32.584539,2026-05-06T23:34:43.184481,6,55,Europe,UEFA Euro,Europe - UEFA Euro,43,2020,914,Italy,male,,112,Italy,772,Spain,male,,214,Spain,15,Semi-finals,4666,Wembley Stadium,68,England,186.0,Felix Brych,85.0,Germany,Roberto Mancini,Luis Enrique Martínez García,2997,Roberto Mancini,,1964-11-27,112,Italy,793,Luis Enrique Martínez García,Luis Enrique,1970-05-08,214,Spain,1.1.0,2,2,Euro 2020
3794686,2021-06-28,16:00:00.000,3,5,available,available,2026-05-06T23:25:03.512900,2026-05-06T23:26:07.387153,4,55,Europe,UEFA Euro,Europe - UEFA Euro,43,2020,785,Croatia,male,,56,Croatia,772,Spain,male,,214,Spain,33,Round of 16,495,Parken,61,Denmark,581.0,Cüneyt Çakιr,233.0,Turkey,Zlatko Dalić,Luis Enrique Martínez García,307,Zlatko Dalić,,1966-10-26,56,Croatia,793,Luis Enrique Martínez García,Luis Enrique,1970-05-08,214,Spain,1.1.0,2,2,Euro 2020
3788763,2021-06-19,13:00:00.000,1,1,available,available,2025-11-02T14:12:40.050597,2025-11-02T14:20:27.607242,2,55,Europe,UEFA Euro,Europe - UEFA Euro,43,2020,916,Hungary,male,F,103,Hungary,771,France,male,F,78,France,10,Group Stage,116551,Puskás Aréna,103,Hungary,1.0,Michael Oliver,68.0,England,Marco Rossi,Didier Deschamps,3616,Marco Rossi,,1964-09-09,112,Italy,545,Didier Deschamps,,1968-10-15,78,France,1.1.0,2,2,Euro 2020
3795506,2021-07-11,21:00:00.000,1,1,available,available,2024-07-31T12:29:15.702309,2024-07-31T12:30:57.587087,7,55,Europe,UEFA Euro,Europe - UEFA Euro,43,2020,914,Italy,male,A,112,Italy,768,England,male,D,68,England,26,Final,4666,Wembley Stadium,68,England,287.0,Björn Kuipers,160.0,Netherlands,Roberto Mancini,Gareth Southgate,2997,Roberto Mancini,,1964-11-27,112,Italy,277,Gareth Southgate,,1970-09-03,68,England,1.1.0,2,2,Euro 2020
3788769,2021-06-21,21:00:00.000,1,4,available,available,2022-12-01T16:23:46.374386,2023-04-27T22:20:21.686564,3,55,Europe,UEFA Euro,Europe - UEFA Euro,43,2020,796,Russia,male,B,188,Russia,776,Denmark,male,B,61,Denmark,10,Group Stage,495,Parken,61,Denmark,76.0,Clément Turpin,78.0,France,Stanislav Cherchesov,Kasper Hjulmand,365,Stanislav Cherchesov,,1963-09-02,188,Russia,255,Kasper Hjulmand,,1972-04-09,61,Denmark,1.1.0,2,2,Euro 2020
3788766,2021-06-20,18:00:00.000,1,0,available,available,2022-12-01T16:20:49.842595,2023-04-27T22:22:42.769375,3,55,Europe,UEFA Euro,Europe - UEFA Euro,43,2020,914,Italy,male,A,112,Italy,907,Wales,male,A,249,Wales,10,Group Stage,381,Estadio Olímpico,112,Italy,448.0,Ovidiu Alin Hațegan,187.0,Romania,Roberto Mancini,Robert Page,2997,Roberto Mancini,,1964-11-27,112,Italy,1000471,Robert Page,,1974-09-03,249,Wales,1.1.0,2,2,Euro 2020
3788764,2021-06-19,18:00:00.000,2,4,available,available,2021-06-20T13:10:40.911,2022-08-04T12:00,2,55,Europe,UEFA Euro,Europe - UEFA Euro,43,2020,780,Portugal,male,Group F,183,Portugal,770,Germany,male,Group F,85,Germany,10,Group Stage,4867,Allianz Arena,85,Germany,8.0,Anthony Taylor,68.0,England,Fernando Manuel Fernandes da Costa Santos,Joachim Löw,607,Fernando Manuel Fernandes da Costa Santos,Fernando Santos,1954-10-10,183,Portugal,602,Joachim Löw,,1960-02-03,85,Germany,1.1.0,2,2,Euro 2020
3788755,2021-06-16,16:00:00.000,0,2,available,available,2026-05-09T08:42:53.401342,2026-05-09T08:44:33.230809,2,55,Europe,UEFA Euro,Europe - UEFA Euro,43,2020,909,Turkey,male,A,233,Turkey,907,Wales,male,A,249,Wales,10,Group Stage,4549,Bakı Olimpiya Stadionu,16,Azerbaijan,2445.0,Artur Manuel Ribeiro Soares Dias,183.0,Portugal,Şenol Güneş,Robert Page,701,Şenol Güneş,,1952-06-01,233,Turkey,1000471,Robert Page,,1974-09-03,249,Wales,1.1.0,2,2,Euro 2020
3788754,2021-06-16,21:00:00.000,3,0,available,available,2022-12-01T16:14:48.865959,2023-04-27T22:33:19.992088,2,55,Europe,UEFA Euro,Europe - UEFA Euro,43,2020,914,Italy,male,A,112,Italy,773,Switzerland,male,A,221,Switzerland,10,Group Stage,381,Estadio Olímpico,112,Italy,725.0,Sergey Karasev,188.0,Russia,Roberto Mancini,Vladimir Petković,2997,Roberto Mancini,,1964-11-27,112,Italy,492,Vladimir Petković,,1963-08-15,28,Bosnia and Herzegovina,1.1.0,2,2,Euro 2020
3788762,2021-06-19,21:00:00.000,1,1,available,available,2021-09-06T18:23:20.676161,2022-08-04T12:00,2,55,Europe,UEFA Euro,Europe - UEFA Euro,43,2020,772,Spain,male,Group E,214,Spain,789,Poland,male,Group E,182,Poland,10,Group Stage,117374,Estadio de La Cartuja,214,Spain,269.0,Daniele Orsato,112.0,Italy,Luis Enrique Martínez García,Paulo Manuel Carvalho de Sousa,793,Luis Enrique Martínez García,Luis Enrique,1970-05-08,214,Spain,1798,Paulo Manuel Carvalho de Sousa,Paulo Sousa,1970-08-30,183,Portugal,1.1.0,2,2,Euro 2020
3788747,2021-06-13,16:00:00.000,3,1,available,available,2026-05-09T08:40:46.930675,2026-05-09T08:41:42.106550,1,55,Europe,UEFA Euro,Europe - UEFA Euro,43,2020,915,Austria,male,C,15,Austria,2358,North Macedonia,male,C,135,"Macedonia, Republic of",10,Group Stage,4365,Arena Naţională,187,Romania,591.0,Lars Christian Andreas Ekberg,220.0,Sweden,Franco Foda,Igor Angelovski,4061,Franco Foda,,1966-04-23,85,Germany,4172,Igor Angelovski,,1976-06-02,135,"Macedonia, Republic of",1.1.0,2,2,Euro 2020
3788741,2021-06-11,21:00:00.000,0,3,available,available,2022-12-01T16:06:42.263441,2023-04-27T22:38:34.970148,1,55,Europe,UEFA Euro,Europe - UEFA Euro,43,2020,909,Turkey,male,A,233,Turkey,914,Italy,male,A,112,Italy,10,Group Stage,381,Estadio Olímpico,112,Italy,293.0,Danny Desmond Makkelie,160.0,Netherlands,Şenol Güneş,Roberto Mancini,701,Şenol Güneş,,1952-06-01,233,Turkey,2997,Roberto Mancini,,1964-11-27,112,Italy,1.1.0,2,2,Euro 2020
3795109,2021-07-03,16:00:00.000,1,2,available,available,2026-05-06T23:30:17.374043,2026-05-06T23:31:49.106798,5,55,Europe,UEFA Euro,Europe - UEFA Euro,43,2020,912,Czech Republic,male,D,60,Czech Republic,776,Denmark,male,B,61,Denmark,11,Quarter-finals,4549,Bakı Olimpiya Stadionu,16,Azerbaijan,287.0,Björn Kuipers,160.0,Netherlands,Jaroslav Šilhavý,Kasper Hjulmand,183,Jaroslav Šilhavý,,1961-11-03,60,Czech Republic,255,Kasper Hjulmand,,1972-04-09,61,Denmark,1.1.0,2,2,Euro 2020
3788770,2021-06-21,18:00:00.000,0,3,available,available,2024-04-16T12:44:40.558402,2024-04-16T12:46:49.288588,3,55,Europe,UEFA Euro,Europe - UEFA Euro,43,2020,2358,North Macedonia,male,C,135,"Macedonia, Republic of",941,Netherlands,male,C,160,Netherlands,10,Group Stage,4815,Johan Cruijff Arena (Amsterdam),160,Netherlands,583.0,Istvan Kovacs,187.0,Romania,Igor Angelovski,Frank de Boer,4172,Igor Angelovski,,1976-06-02,135,"Macedonia, Republic of",686,Frank de Boer,,1970-05-15,160,Netherlands,1.1.0,2,2,Euro 2020
3794688,2021-06-29,18:00:00.000,2,0,available,available,2022-12-01T16:33:31.807173,2023-04-27T21:59:49.305159,4,55,Europe,UEFA Euro,Europe - UEFA Euro,43,2020,768,England,male,,68,England,770,Germany,male,,85,Germany,33,Round of 16,4666,Wembley Stadium,68,England,293.0,Danny Desmond Makkelie,160.0,Netherlands,Gareth Southgate,Joachim Löw,277,Gareth Southgate,,1970-09-03,68,England,602,Joachim Löw,,1960-02-03,85,Germany,1.1.0,2,2,Euro 2020
3788774,2021-06-23,21:00:00.000,2,2,available,available,2022-12-01T16:27:21.961616,2023-04-27T22:12:04.115968,3,55,Europe,UEFA Euro,Europe - UEFA Euro,43,2020,770,Germany,male,F,85,Germany,916,Hungary,male,F,103,Hungary,10,Group Stage,4867,Allianz Arena,85,Germany,725.0,Sergey Karasev,188.0,Russia,Joachim Löw,Marco Rossi,602,Joachim Löw,,1960-02-03,85,Germany,3616,Marco Rossi,,1964-09-09,112,Italy,1.1.0,2,2,Euro 2020
3788771,2021-06-22,21:00:00.000,3,1,available,available,2022-12-01T16:24:40.775448,2023-04-27T22:19:15.479272,3,55,Europe,UEFA Euro,Europe - UEFA Euro,43,2020,785,Croatia,male,D,56,Croatia,942,Scotland,male,D,201,Scotland,10,Group Stage,52986,Hampden Park,201,Scotland,1121.0,Fernando Andrés Rapallini,11.0,Argentina,Zlatko Dalić,Steve Clarke,307,Zlatko Dalić,,1966-10-26,56,Croatia,510,Steve Clarke,,1963-08-29,201,Scotland,1.1.0,2,2,Euro 2020
3788772,2021-06-22,21:00:00.000,0,1,available,available,2022-12-01T16:25:31.584701,2023-04-27T22:18:42.584366,3,55,Europe,UEFA Euro,Europe - UEFA Euro,43,2020,912,Czech Republic,male,D,60,Czech Republic,768,England,male,D,68,England,10,Group Stage,4666,Wembley Stadium,68,England,2445.0,Artur Manuel Ribeiro Soares Dias,183.0,Portugal,Jaroslav Šilhavý,Gareth Southgate,183,Jaroslav Šilhavý,,1961-11-03,60,Czech Republic,277,Gareth Southgate,,1970-09-03,68,England,1.1.0,2,2,Euro 2020
3788768,2021-06-21,19:00:00.000,0,2,available,available,2026-05-10T12:59:26.302088,2026-05-10T12:59:44.531151,3,55,Europe,UEFA Euro,Europe - UEFA Euro,43,2020,1835,Finland,male,B,77,Finland,782,Belgium,male,B,22,Belgium,10,Group Stage,4726,Saint-Petersburg Stadium ( Gazprom Arena ),188,Russia,186.0,Felix Brych,85.0,Germany,Markku Kanerva,Roberto Martínez Montoliú,3622,Markku Kanerva,,1964-05-24,77,Finland,263,Roberto Martínez Montoliú,Roberto Martínez,1973-07-13,214,Spain,1.1.0,2,2,Euro 2020
3788767,2021-06-21,16:00:00.000,0,1,available,available,2026-05-09T08:48:17.234551,2026-05-09T08:50:05.935133,3,55,Europe,UEFA Euro,Europe - UEFA Euro,43,2020,911,Ukraine,male,C,238,Ukraine,915,Austria,male,C,15,Austria,10,Group Stage,4365,Arena Naţională,187,Romania,581.0,Cüneyt Çakιr,233.0,Turkey,Andrii Shevchenko,Franco Foda,2303,Andrii Shevchenko,,1976-09-29,238,Ukraine,4061,Franco Foda,,1966-04-23,85,Germany,1.1.0,2,2,Euro 2020
3788753,2021-06-16,13:00:00.000,0,1,available,available,2026-05-10T12:58:22.121096,2026-05-10T13:00:25.564993,2,55,Europe,UEFA Euro,Europe - UEFA Euro,43,2020,1835,Finland,male,B,77,Finland,796,Russia,male,B,188,Russia,10,Group Stage,4726,Saint-Petersburg Stadium ( Gazprom Arena ),188,Russia,293.0,Danny Desmond Makkelie,160.0,Netherlands,Markku Kanerva,Stanislav Cherchesov,3622,Markku Kanerva,,1964-05-24,77,Finland,365,Stanislav Cherchesov,,1963-09-02,188,Russia,1.1.0,2,2,Euro 2020
3788759,2021-06-18,21:00:00.000,0,0,available,available,2021-07-14T12:59:48.602,2022-08-04T12:00,2,55,Europe,UEFA Euro,Europe - UEFA Euro,43,2020,768,England,male,Group D,68,England,942,Scotland,male,Group D,201,Scotland,10,Group Stage,4666,Wembley Stadium,68,England,180.0,Antonio Miguel Mateu Lahoz,214.0,Spain,Gareth Southgate,Steve Clarke,277,Gareth Southgate,,1970-09-03,68,England,510,Steve Clarke,,1963-08-29,201,Scotland,1.1.0,2,2,Euro 2020
3788757,2021-06-17,18:00:00.000,1,2,available,available,2021-07-24T16:17:22.251,2022-08-04T12:00,2,55,Europe,UEFA Euro,Europe - UEFA Euro,43,2020,776,Denmark,male,Group B,61,Denmark,782,Belgium,male,Group B,22,Belgium,10,Group Stage,495,Parken,61,Denmark,287.0,Björn Kuipers,160.0,Netherlands,Kasper Hjulmand,Roberto Martínez Montoliú,255,Kasper Hjulmand,,1972-04-09,61,Denmark,263,Roberto Martínez Montoliú,Roberto Martínez,1973-07-13,214,Spain,1.1.0,2,2,Euro 2020
3788745,2021-06-13,15:00:00.000,1,0,available,available,2021-07-19T16:25:28.955,2022-08-04T12:00,1,55,Europe,UEFA Euro,Europe - UEFA Euro,43,2020,768,England,male,Group D,68,England,785,Croatia,male,Group D,56,Croatia,10,Group Stage,4666,Wembley Stadium,68,England,269.0,Daniele Orsato,112.0,Italy,Gareth Southgate,Zlatko Dalić,277,Gareth Southgate,,1970-09-03,68,England,307,Zlatko Dalić,,1966-10-26,56,Croatia,1.1.0,2,2,Euro 2020
3795221,2021-07-07,21:00:00.000,2,1,available,available,2021-07-09T12:38:23.437,2022-08-04T12:00,6,55,Europe,UEFA Euro,Europe - UEFA Euro,43,2020,768,England,male,,68,England,776,Denmark,male,,61,Denmark,15,Semi-finals,4666,Wembley Stadium,68,England,293.0,Danny Desmond Makkelie,160.0,Netherlands,Gareth Southgate,Kasper Hjulmand,277,Gareth Southgate,,1970-09-03,68,England,255,Kasper Hjulmand,,1972-04-09,61,Denmark,1.1.0,2,2,Euro 2020
3788746,2021-06-13,21:00:00.000,3,2,available,available,2022-12-01T16:09:42.196374,2023-04-27T22:35:45.501625,1,55,Europe,UEFA Euro,Europe - UEFA Euro,43,2020,941,Netherlands,male,C,160,Netherlands,911,Ukraine,male,C,238,Ukraine,10,Group Stage,4815,Johan Cruijff Arena (Amsterdam),160,Netherlands,186.0,Felix Brych,85.0,Germany,Frank de Boer,Andrii Shevchenko,686,Frank de Boer,,1970-05-15,160,Netherlands,2303,Andrii Shevchenko,,1976-09-29,238,Ukraine,1.1.0,2,2,Euro 2020
3794691,2021-06-28,19:00:00.000,3,3,available,available,2026-05-06T23:26:10.938916,2026-05-06T23:28:45.301080,4,55,Europe,UEFA Euro,Europe - UEFA Euro,43,2020,771,France,male,,78,France,773,Switzerland,male,,221,Switzerland,33,Round of 16,4365,Arena Naţională,187,Romania,1121.0,Fernando Andrés Rapallini,11.0,Argentina,Didier Deschamps,Vladimir Petković,545,Didier Deschamps,,1968-10-15,78,France,492,Vladimir Petković,,1963-08-15,28,Bosnia and Herzegovina,1.1.0,2,2,Euro 2020
3788756,2021-06-17,21:00:00.000,2,0,available,available,2022-12-01T16:15:51.809902,2023-04-27T22:31:05.600098,2,55,Europe,UEFA Euro,Europe - UEFA Euro,43,2020,941,Netherlands,male,C,160,Netherlands,915,Austria,male,C,15,Austria,10,Group Stage,4815,Johan Cruijff Arena (Amsterdam),160,Netherlands,2691.0,Orel Grinfeeld,111.0,Israel,Frank de Boer,Franco Foda,686,Frank de Boer,,1970-05-15,160,Netherlands,4061,Franco Foda,,1966-04-23,85,Germany,1.1.0,2,2,Euro 2020
3788749,2021-06-14,16:00:00.000,1,2,available,available,2026-05-09T08:41:53.470682,2026-05-09T08:43:48.996096,1,55,Europe,UEFA Euro,Europe - UEFA Euro,43,2020,789,Poland,male,E,182,Poland,908,Slovakia,male,E,207,Slovakia,10,Group Stage,4726,Saint-Petersburg Stadium ( Gazprom Arena ),188,Russia,448.0,Ovidiu Alin Hațegan,187.0,Romania,Paulo Manuel Carvalho de Sousa,Štefan Tarkovič,1798,Paulo Manuel Carvalho de Sousa,Paulo Sousa,1970-08-30,183,Portugal,5363,Štefan Tarkovič,,1973-02-18,207,Slovakia,1.1.0,2,2,Euro 2020
3788750,2021-06-14,21:00:00.000,0,0,available,available,2022-12-01T16:10:41.361390,2023-04-27T22:34:30.589309,1,55,Europe,UEFA Euro,Europe - UEFA Euro,43,2020,772,Spain,male,E,214,Spain,790,Sweden,male,E,220,Sweden,10,Group Stage,117374,Estadio de La Cartuja,214,Spain,943.0,Slavko Vinčić,208.0,Slovenia,Luis Enrique Martínez García,Jan Olof Andersson,793,Luis Enrique Martínez García,Luis Enrique,1970-05-08,214,Spain,549,Jan Olof Andersson,,1962-09-29,220,Sweden,1.1.0,2,2,Euro 2020
3788748,2021-06-14,15:00:00.000,0,2,available,available,2021-08-08T19:08:28.233,2022-08-04T12:00,1,55,Europe,UEFA Euro,Europe - UEFA Euro,43,2020,942,Scotland,male,Group D,201,Scotland,912,Czech Republic,male,Group D,60,Czech Republic,10,Group Stage,52986,Hampden Park,201,Scotland,225.0,Daniel Siebert,85.0,Germany,Steve Clarke,Jaroslav Šilhavý,510,Steve Clarke,,1963-08-29,201,Scotland,183,Jaroslav Šilhavý,,1961-11-03,60,Czech Republic,1.1.0,2,2,Euro 2020
3788751,2021-06-15,21:00:00.000,1,0,available,available,2021-08-27T17:33:01.458,2022-08-04T12:00,1,55,Europe,UEFA Euro,Europe - UEFA Euro,43,2020,771,France,male,Group F,78,France,770,Germany,male,Group F,85,Germany,10,Group Stage,4867,Allianz Arena,85,Germany,2728.0,Carlos del Cerro Grande,214.0,Spain,Didier Deschamps,Joachim Löw,545,Didier Deschamps,,1968-10-15,78,France,602,Joachim Löw,,1960-02-03,85,Germany,1.1.0,2,2,Euro 2020
3788752,2021-06-15,18:00:00.000,0,3,available,available,2022-12-01T16:12:48.022633,2023-04-27T22:33:56.517253,1,55,Europe,UEFA Euro,Europe - UEFA Euro,43,2020,916,Hungary,male,F,103,Hungary,780,Portugal,male,F,183,Portugal,10,Group Stage,116551,Puskás Aréna,103,Hungary,581.0,Cüneyt Çakιr,233.0,Turkey,Marco Rossi,Fernando Manuel Fernandes da Costa Santos,3616,Marco Rossi,,1964-09-09,112,Italy,607,Fernando Manuel Fernandes da Costa Santos,Fernando Santos,1954-10-10,183,Portugal,1.1.0,2,2,Euro 2020
3788742,2021-06-12,18:00:00.000,0,1,available,available,2021-06-14T12:52:32.995,2022-08-04T12:00,1,55,Europe,UEFA Euro,Europe - UEFA Euro,43,2020,776,Denmark,male,Group B,61,Denmark,1835,Finland,male,Group B,77,Finland,10,Group Stage,495,Parken,61,Denmark,8.0,Anthony Taylor,68.0,England,Kasper Hjulmand,Markku Kanerva,255,Kasper Hjulmand,,1972-04-09,61,Denmark,3622,Markku Kanerva,,1964-05-24,77,Finland,1.1.0,2,2,Euro 2020
3788775,2021-06-23,18:00:00.000,0,5,available,available,2023-02-24T21:26:47.128979,2023-04-27T22:18:06.481826,3,55,Europe,UEFA Euro,Europe - UEFA Euro,43,2020,908,Slovakia,male,E,207,Slovakia,772,Spain,male,E,214,Spain,10,Group Stage,117374,Estadio de La Cartuja,214,Spain,287.0,Björn Kuipers,160.0,Netherlands,Štefan Tarkovič,Luis Enrique Martínez García,5363,Štefan Tarkovič,,1973-02-18,207,Slovakia,793,Luis Enrique Martínez García,Luis Enrique,1970-05-08,214,Spain,1.1.0,2,2,Euro 2020
3788776,2021-06-23,16:00:00.000,3,2,available,available,2026-05-09T08:39:23.325587,2026-05-09T08:41:10.353409,3,55,Europe,UEFA Euro,Europe - UEFA Euro,43,2020,790,Sweden,male,E,220,Sweden,789,Poland,male,E,182,Poland,10,Group Stage,4726,Saint-Petersburg Stadium ( Gazprom Arena ),188,Russia,1.0,Michael Oliver,68.0,England,Jan Olof Andersson,Paulo Manuel Carvalho de Sousa,549,Jan Olof Andersson,,1962-09-29,220,Sweden,1798,Paulo Manuel Carvalho de Sousa,Paulo Sousa,1970-08-30,183,Portugal,1.1.0,2,2,Euro 2020
3788743,2021-06-12,19:00:00.000,3,0,available,available,2026-05-10T12:57:10.491341,2026-05-10T12:57:51.516855,1,55,Europe,UEFA Euro,Europe - UEFA Euro,43,2020,782,Belgium,male,B,22,Belgium,796,Russia,male,B,188,Russia,10,Group Stage,4726,Saint-Petersburg Stadium ( Gazprom Arena ),188,Russia,180.0,Antonio Miguel Mateu Lahoz,214.0,Spain,Roberto Martínez Montoliú,Stanislav Cherchesov,263,Roberto Martínez Montoliú,Roberto Martínez,1973-07-13,214,Spain,365,Stanislav Cherchesov,,1963-09-02,188,Russia,1.1.0,2,2,Euro 2020
3788744,2021-06-12,13:00:00.000,1,1,available,available,2026-05-09T08:39:44.250015,2026-05-09T08:42:08.909917,1,55,Europe,UEFA Euro,Europe - UEFA Euro,43,2020,907,Wales,male,A,249,Wales,773,Switzerland,male,A,221,Switzerland,10,Group Stage,4549,Bakı Olimpiya Stadionu,16,Azerbaijan,76.0,Clément Turpin,78.0,France,Robert Page,Vladimir Petković,1000471,Robert Page,,1974-09-03,249,Wales,492,Vladimir Petković,,1963-08-15,28,Bosnia and Herzegovina,1.1.0,2,2,Euro 2020
3930166,2024-06-18,19:00:00.000,2,1,available,available,2026-05-01T19:52:36.631184,2026-05-01T19:56:35.877702,1,55,Europe,UEFA Euro,Europe - UEFA Euro,282,2024,780,Portugal,male,,183,Portugal,912,Czech Republic,male,,60,Czech Republic,10,Group Stage,376,Red Bull Arena,85,Germany,261.0,Marco Guida,112.0,Italy,Roberto Martínez Montoliú,Ivan Hašek,263,Roberto Martínez Montoliú,Roberto Martínez,1973-07-13,214,Spain,1000468,Ivan Hašek,,1963-09-06,60,Czech Republic,1.1.0,2,2,Euro 2024 (Held-out Test)
3930159,2024-06-15,13:00:00.000,1,3,available,available,2026-05-01T19:45:59.392947,2026-05-01T19:50:52.970161,1,55,Europe,UEFA Euro,Europe - UEFA Euro,282,2024,916,Hungary,male,,103,Hungary,773,Switzerland,male,,221,Switzerland,10,Group Stage,363,RheinEnergieStadion,85,Germany,943.0,Slavko Vinčić,208.0,Slovenia,Marco Rossi,Murat Yakin,3616,Marco Rossi,,1964-09-09,112,Italy,2832,Murat Yakin,,1974-09-15,221,Switzerland,1.1.0,2,2,Euro 2024 (Held-out Test)
3930163,2024-06-16,19:00:00.000,0,1,available,available,2026-05-01T19:48:19.783129,2026-05-01T19:49:47.226912,1,55,Europe,UEFA Euro,Europe - UEFA Euro,282,2024,786,Serbia,male,,203,Serbia,768,England,male,,68,England,10,Group Stage,370,VELTINS-Arena,85,Germany,269.0,Daniele Orsato,112.0,Italy,Dragan Stojković,Gareth Southgate,5908,Dragan Stojković,,1965-03-03,203,Serbia,277,Gareth Southgate,,1970-09-03,68,England,1.1.0,2,2,Euro 2024 (Held-out Test)
3930181,2024-06-25,19:00:00.000,0,0,available,available,2026-05-01T19:48:27.887397,2026-05-01T19:50:03.279607,3,55,Europe,UEFA Euro,Europe - UEFA Euro,282,2024,768,England,male,,68,England,944,Slovenia,male,,208,Slovenia,10,Group Stage,363,RheinEnergieStadion,85,Germany,76.0,Clément Turpin,78.0,France,Gareth Southgate,Matjaž Kek,277,Gareth Southgate,,1970-09-03,68,England,1733,Matjaž Kek,,1961-09-09,208,Slovenia,1.1.0,2,2,Euro 2024 (Held-out Test)
3930178,2024-06-24,19:00:00.000,1,1,available,available,2026-05-01T19:45:23.956799,2026-05-01T19:46:35.413328,3,55,Europe,UEFA Euro,Europe - UEFA Euro,282,2024,785,Croatia,male,,56,Croatia,914,Italy,male,,112,Italy,10,Group Stage,376,Red Bull Arena,85,Germany,293.0,Danny Desmond Makkelie,160.0,Netherlands,Zlatko Dalić,Luciano Spalletti,307,Zlatko Dalić,,1966-10-26,56,Croatia,399,Luciano Spalletti,,1959-03-07,112,Italy,1.1.0,2,2,Euro 2024 (Held-out Test)
3930160,2024-06-15,16:00:00.000,3,0,available,available,2026-05-01T19:45:01.052020,2026-05-01T19:46:14.941863,1,55,Europe,UEFA Euro,Europe - UEFA Euro,282,2024,772,Spain,male,,214,Spain,785,Croatia,male,,56,Croatia,10,Group Stage,367,Olympiastadion Berlin,85,Germany,1.0,Michael Oliver,68.0,England,Luis de la Fuente Castillo,Zlatko Dalić,5588,Luis de la Fuente Castillo,Luis de la Fuente,1961-06-21,214,Spain,307,Zlatko Dalić,,1966-10-26,56,Croatia,1.1.0,2,2,Euro 2024 (Held-out Test)
3930170,2024-06-20,13:00:00.000,1,1,available,available,2026-05-01T19:50:11.398180,2026-05-01T19:56:14.983173,2,55,Europe,UEFA Euro,Europe - UEFA Euro,282,2024,944,Slovenia,male,,208,Slovenia,786,Serbia,male,,203,Serbia,10,Group Stage,4867,Allianz Arena,85,Germany,1011397.0,István Kovács,187.0,Romania,Matjaž Kek,Dragan Stojković,1733,Matjaž Kek,,1961-09-09,208,Slovenia,5908,Dragan Stojković,,1965-03-03,203,Serbia,1.1.0,2,2,Euro 2024 (Held-out Test)
3938643,2024-06-25,16:00:00.000,1,1,available,available,2026-05-01T09:32:36.453598,2026-05-01T09:37:02.207863,3,55,Europe,UEFA Euro,Europe - UEFA Euro,282,2024,771,France,male,,78,France,789,Poland,male,,182,Poland,10,Group Stage,373,Signal-Iduna-Park,85,Germany,261.0,Marco Guida,112.0,Italy,Didier Deschamps,Michał Probierz,545,Didier Deschamps,,1968-10-15,78,France,363,Michał Probierz,,1972-09-24,182,Poland,1.1.0,2,2,Euro 2024 (Held-out Test)
3938641,2024-06-21,16:00:00.000,1,3,available,available,2026-05-01T09:29:24.560133,2026-05-01T09:30:43.170204,2,55,Europe,UEFA Euro,Europe - UEFA Euro,282,2024,789,Poland,male,,182,Poland,915,Austria,male,,15,Austria,10,Group Stage,367,Olympiastadion Berlin,85,Germany,845.0,Halil Umut Meler,233.0,Turkey,Michał Probierz,Ralf Rangnick,363,Michał Probierz,,1972-09-24,182,Poland,380,Ralf Rangnick,,1958-06-29,85,Germany,1.1.0,2,2,Euro 2024 (Held-out Test)
3938642,2024-06-22,13:00:00.000,1,1,available,available,2026-05-01T09:31:28.135473,2026-05-01T09:32:48.737879,2,55,Europe,UEFA Euro,Europe - UEFA Euro,282,2024,2138,Georgia,male,,84,Georgia,912,Czech Republic,male,,60,Czech Republic,10,Group Stage,379,Volksparkstadion,85,Germany,225.0,Daniel Siebert,85.0,Germany,Willy Sagnol,Ivan Hašek,752,Willy Sagnol,,1977-03-18,78,France,1000468,Ivan Hašek,,1963-09-06,60,Czech Republic,1.1.0,2,2,Euro 2024 (Held-out Test)
3938639,2024-06-18,16:00:00.000,3,1,available,available,2026-05-01T09:28:22.819373,2026-05-01T09:31:07.904688,1,55,Europe,UEFA Euro,Europe - UEFA Euro,282,2024,909,Turkey,male,,233,Turkey,2138,Georgia,male,,84,Georgia,10,Group Stage,373,Signal-Iduna-Park,85,Germany,1094.0,Facundo Tello Figueroa,11.0,Argentina,Vincenzo Montella,Willy Sagnol,232,Vincenzo Montella,,1974-06-18,112,Italy,752,Willy Sagnol,,1977-03-18,78,France,1.1.0,2,2,Euro 2024 (Held-out Test)
3938638,2024-06-17,13:00:00.000,3,0,available,available,2026-05-01T09:27:13.675842,2026-05-01T09:28:09.895197,1,55,Europe,UEFA Euro,Europe - UEFA Euro,282,2024,905,Romania,male,,187,Romania,911,Ukraine,male,,238,Ukraine,10,Group Stage,4867,Allianz Arena,85,Germany,1062.0,Glenn Nyberg,220.0,Sweden,Edward Iordănescu,Sergiy Rebrov,6237,Edward Iordănescu,,1978-06-16,187,Romania,2672,Sergiy Rebrov,,1974-06-03,238,Ukraine,1.1.0,2,2,Euro 2024 (Held-out Test)
3938640,2024-06-21,13:00:00.000,1,2,available,available,2026-05-01T09:30:25.947399,2026-05-01T09:33:19.373847,2,55,Europe,UEFA Euro,Europe - UEFA Euro,282,2024,908,Slovakia,male,,207,Slovakia,911,Ukraine,male,,238,Ukraine,10,Group Stage,4866,Merkur Spiel-Arena,85,Germany,1.0,Michael Oliver,68.0,England,Francesco Calzona,Sergiy Rebrov,1002171,Francesco Calzona,,1968-10-24,112,Italy,2672,Sergiy Rebrov,,1974-06-03,238,Ukraine,1.1.0,2,2,Euro 2024 (Held-out Test)
3938637,2024-06-16,13:00:00.000,1,2,available,available,2026-05-01T09:26:08.384231,2026-05-01T09:28:38.742295,1,55,Europe,UEFA Euro,Europe - UEFA Euro,282,2024,789,Poland,male,,182,Poland,941,Netherlands,male,,160,Netherlands,10,Group Stage,379,Volksparkstadion,85,Germany,2445.0,Artur Manuel Ribeiro Soares Dias,183.0,Portugal,Michał Probierz,Ronald Koeman,363,Michał Probierz,,1972-09-24,182,Poland,676,Ronald Koeman,,1963-03-21,160,Netherlands,1.1.0,2,2,Euro 2024 (Held-out Test)
3938644,2024-06-26,19:00:00.000,2,0,available,available,2026-05-01T09:33:42.825432,2026-05-01T09:35:37.929565,3,55,Europe,UEFA Euro,Europe - UEFA Euro,282,2024,2138,Georgia,male,,84,Georgia,780,Portugal,male,,183,Portugal,10,Group Stage,370,VELTINS-Arena,85,Germany,116.0,Sandro Schärer,221.0,Switzerland,Willy Sagnol,Roberto Martínez Montoliú,752,Willy Sagnol,,1977-03-18,78,France,263,Roberto Martínez Montoliú,Roberto Martínez,1973-07-13,214,Spain,1.1.0,2,2,Euro 2024 (Held-out Test)
3941019,2024-07-01,16:00:00.000,1,0,available,available,2026-04-28T18:43:38.448635,2026-04-28T18:46:34.258160,4,55,Europe,UEFA Euro,Europe - UEFA Euro,282,2024,771,France,male,,78,France,782,Belgium,male,,22,Belgium,33,Round of 16,4866,Merkur Spiel-Arena,85,Germany,1062.0,Glenn Nyberg,220.0,Sweden,Didier Deschamps,Domenico Tedesco,545,Didier Deschamps,,1968-10-15,78,France,48,Domenico Tedesco,,1985-09-12,85,Germany,1.1.0,2,2,Euro 2024 (Held-out Test)
3942227,2024-07-06,16:00:00.000,1,1,available,available,2026-04-28T18:36:59.072443,2026-04-28T18:37:57.405782,5,55,Europe,UEFA Euro,Europe - UEFA Euro,282,2024,768,England,male,,68,England,773,Switzerland,male,,221,Switzerland,11,Quarter-finals,4866,Merkur Spiel-Arena,85,Germany,269.0,Daniele Orsato,112.0,Italy,Gareth Southgate,Murat Yakin,277,Gareth Southgate,,1970-09-03,68,England,2832,Murat Yakin,,1974-09-15,221,Switzerland,1.1.0,2,2,Euro 2024 (Held-out Test)
3930174,2024-06-22,16:00:00.000,0,3,available,available,2026-05-01T19:53:20.935581,2026-05-01T19:55:23.536920,2,55,Europe,UEFA Euro,Europe - UEFA Euro,282,2024,909,Turkey,male,,233,Turkey,780,Portugal,male,,183,Portugal,10,Group Stage,373,Signal-Iduna-Park,85,Germany,241.0,Felix Zwayer,85.0,Germany,Vincenzo Montella,Roberto Martínez Montoliú,232,Vincenzo Montella,,1974-06-18,112,Italy,263,Roberto Martínez Montoliú,Roberto Martínez,1973-07-13,214,Spain,1.1.0,2,2,Euro 2024 (Held-out Test)
3930162,2024-06-16,16:00:00.000,1,1,available,available,2026-05-01T19:49:21.493258,2026-05-01T19:50:25.968394,1,55,Europe,UEFA Euro,Europe - UEFA Euro,282,2024,944,Slovenia,male,,208,Slovenia,776,Denmark,male,,61,Denmark,10,Group Stage,369,MHPArena,85,Germany,116.0,Sandro Schärer,221.0,Switzerland,Matjaž Kek,Kasper Hjulmand,1733,Matjaž Kek,,1961-09-09,208,Slovenia,255,Kasper Hjulmand,,1972-04-09,61,Denmark,1.1.0,2,2,Euro 2024 (Held-out Test)
3930176,2024-06-23,19:00:00.000,1,1,available,available,2026-05-01T19:54:25.846072,2026-05-01T19:58:06.077979,3,55,Europe,UEFA Euro,Europe - UEFA Euro,282,2024,773,Switzerland,male,,221,Switzerland,770,Germany,male,,85,Germany,10,Group Stage,116458,Deutsche Bank Park,85,Germany,269.0,Daniele Orsato,112.0,Italy,Murat Yakin,Julian Nagelsmann,2832,Murat Yakin,,1974-09-15,221,Switzerland,445,Julian Nagelsmann,,1987-07-23,85,Germany,1.1.0,2,2,Euro 2024 (Held-out Test)
3930169,2024-06-19,19:00:00.000,1,1,available,available,2026-05-01T19:45:31.930120,2026-05-01T19:47:44.634200,2,55,Europe,UEFA Euro,Europe - UEFA Euro,282,2024,942,Scotland,male,,201,Scotland,773,Switzerland,male,,221,Switzerland,10,Group Stage,363,RheinEnergieStadion,85,Germany,941.0,Ivan Kružliak,207.0,Slovakia,Steve Clarke,Murat Yakin,510,Steve Clarke,,1963-08-29,201,Scotland,2832,Murat Yakin,,1974-09-15,221,Switzerland,1.1.0,2,2,Euro 2024 (Held-out Test)
3942819,2024-07-10,19:00:00.000,1,2,available,available,2026-04-29T01:44:42.908892,2026-04-29T01:45:55.922658,6,55,Europe,UEFA Euro,Europe - UEFA Euro,282,2024,941,Netherlands,male,,160,Netherlands,768,England,male,,68,England,15,Semi-finals,373,Signal-Iduna-Park,85,Germany,241.0,Felix Zwayer,85.0,Germany,Ronald Koeman,Gareth Southgate,676,Ronald Koeman,,1963-03-21,160,Netherlands,277,Gareth Southgate,,1970-09-03,68,England,1.1.0,2,2,Euro 2024 (Held-out Test)
3943043,2024-07-14,19:00:00.000,2,1,available,available,2026-04-29T01:45:39.959110,2026-04-29T01:48:42.195978,7,55,Europe,UEFA Euro,Europe - UEFA Euro,282,2024,772,Spain,male,,214,Spain,768,England,male,,68,England,26,Final,367,Olympiastadion Berlin,85,Germany,79.0,François Letexier,78.0,France,Luis de la Fuente Castillo,Gareth Southgate,5588,Luis de la Fuente Castillo,Luis de la Fuente,1961-06-21,214,Spain,277,Gareth Southgate,,1970-09-03,68,England,1.1.0,2,2,Euro 2024 (Held-out Test)
3942752,2024-07-09,19:00:00.000,2,1,available,available,2026-04-29T01:43:46.587696,2026-04-29T01:46:24.320801,6,55,Europe,UEFA Euro,Europe - UEFA Euro,282,2024,772,Spain,male,,214,Spain,771,France,male,,78,France,15,Semi-finals,4867,Allianz Arena,85,Germany,943.0,Slavko Vinčić,208.0,Slovenia,Luis de la Fuente Castillo,Didier Deschamps,5588,Luis de la Fuente Castillo,Luis de la Fuente,1961-06-21,214,Spain,545,Didier Deschamps,,1968-10-15,78,France,1.1.0,2,2,Euro 2024 (Held-out Test)
3942382,2024-07-06,19:00:00.000,2,1,available,available,2026-04-29T01:42:47.615163,2026-04-29T01:43:21.624446,5,55,Europe,UEFA Euro,Europe - UEFA Euro,282,2024,941,Netherlands,male,,160,Netherlands,909,Turkey,male,,233,Turkey,11,Quarter-finals,367,Olympiastadion Berlin,85,Germany,76.0,Clément Turpin,78.0,France,Ronald Koeman,Vincenzo Montella,676,Ronald Koeman,,1963-03-21,160,Netherlands,232,Vincenzo Montella,,1974-06-18,112,Italy,1.1.0,2,2,Euro 2024 (Held-out Test)
3942349,2024-07-05,19:00:00.000,0,0,available,available,2026-04-29T01:41:50.982383,2026-04-29T01:43:49.615367,5,55,Europe,UEFA Euro,Europe - UEFA Euro,282,2024,780,Portugal,male,,183,Portugal,771,France,male,,78,France,11,Quarter-finals,379,Volksparkstadion,85,Germany,1.0,Michael Oliver,68.0,England,Roberto Martínez Montoliú,Didier Deschamps,263,Roberto Martínez Montoliú,Roberto Martínez,1973-07-13,214,Spain,545,Didier Deschamps,,1968-10-15,78,France,1.1.0,2,2,Euro 2024 (Held-out Test)
3930180,2024-06-25,16:00:00.000,2,3,available,available,2026-05-01T19:49:21.034035,2026-05-01T19:51:01.462993,3,55,Europe,UEFA Euro,Europe - UEFA Euro,282,2024,941,Netherlands,male,,160,Netherlands,915,Austria,male,,15,Austria,10,Group Stage,367,Olympiastadion Berlin,85,Germany,941.0,Ivan Kružliak,207.0,Slovakia,Ronald Koeman,Ralf Rangnick,676,Ronald Koeman,,1963-03-21,160,Netherlands,380,Ralf Rangnick,,1958-06-29,85,Germany,1.1.0,2,2,Euro 2024 (Held-out Test)
3930171,2024-06-20,16:00:00.000,1,1,available,available,2026-05-01T19:47:51.892574,2026-05-01T19:52:26.864280,2,55,Europe,UEFA Euro,Europe - UEFA Euro,282,2024,776,Denmark,male,,61,Denmark,768,England,male,,68,England,10,Group Stage,116458,Deutsche Bank Park,85,Germany,2445.0,Artur Manuel Ribeiro Soares Dias,183.0,Portugal,Kasper Hjulmand,Gareth Southgate,255,Kasper Hjulmand,,1972-04-09,61,Denmark,277,Gareth Southgate,,1970-09-03,68,England,1.1.0,2,2,Euro 2024 (Held-out Test)
3942226,2024-07-05,16:00:00.000,2,1,available,available,2026-04-28T18:47:02.268381,2026-04-28T18:48:13.592837,5,55,Europe,UEFA Euro,Europe - UEFA Euro,282,2024,772,Spain,male,,214,Spain,770,Germany,male,,85,Germany,11,Quarter-finals,369,MHPArena,85,Germany,8.0,Anthony Taylor,68.0,England,Luis de la Fuente Castillo,Julian Nagelsmann,5588,Luis de la Fuente Castillo,Luis de la Fuente,1961-06-21,214,Spain,445,Julian Nagelsmann,,1987-07-23,85,Germany,1.1.0,2,2,Euro 2024 (Held-out Test)
3938645,2024-06-26,16:00:00.000,0,0,available,available,2026-05-01T09:34:44.803734,2026-05-01T09:36:29.685734,3,55,Europe,UEFA Euro,Europe - UEFA Euro,282,2024,911,Ukraine,male,,238,Ukraine,782,Belgium,male,,22,Belgium,10,Group Stage,369,MHPArena,85,Germany,8.0,Anthony Taylor,68.0,England,Sergiy Rebrov,Domenico Tedesco,2672,Sergiy Rebrov,,1974-06-03,238,Ukraine,48,Domenico Tedesco,,1985-09-12,85,Germany,1.1.0,2,2,Euro 2024 (Held-out Test)
3930184,2024-06-26,22:00:00.000,1,2,available,available,2024-08-15T15:36:29.017341,2024-09-09T09:27:36.815106,3,55,Europe,UEFA Euro,Europe - UEFA Euro,282,2024,912,Czech Republic,male,,60,Czech Republic,909,Turkey,male,,233,Turkey,10,Group Stage,379,Volksparkstadion,85,Germany,1011397.0,István Kovács,187.0,Romania,Ivan Hašek,Vincenzo Montella,1000468,Ivan Hašek,,1963-09-06,60,Czech Republic,232,Vincenzo Montella,,1974-06-18,112,Italy,1.1.0,2,2,Euro 2024 (Held-out Test)
3941022,2024-07-02,19:00:00.000,1,2,available,available,2026-04-28T18:45:46.987394,2026-04-28T18:48:43.304922,4,55,Europe,UEFA Euro,Europe - UEFA Euro,282,2024,915,Austria,male,,15,Austria,909,Turkey,male,,233,Turkey,33,Round of 16,376,Red Bull Arena,85,Germany,2445.0,Artur Manuel Ribeiro Soares Dias,183.0,Portugal,Ralf Rangnick,Vincenzo Montella,380,Ralf Rangnick,,1958-06-29,85,Germany,232,Vincenzo Montella,,1974-06-18,112,Italy,1.1.0,2,2,Euro 2024 (Held-out Test)
3941021,2024-07-02,16:00:00.000,0,3,available,available,2026-04-28T18:44:35.399441,2026-04-28T18:46:09.953777,4,55,Europe,UEFA Euro,Europe - UEFA Euro,282,2024,905,Romania,male,,187,Romania,941,Netherlands,male,,160,Netherlands,33,Round of 16,4867,Allianz Arena,85,Germany,241.0,Felix Zwayer,85.0,Germany,Edward Iordănescu,Ronald Koeman,6237,Edward Iordănescu,,1978-06-16,187,Romania,676,Ronald Koeman,,1963-03-21,160,Netherlands,1.1.0,2,2,Euro 2024 (Held-out Test)
3941020,2024-07-01,19:00:00.000,0,0,available,available,2026-04-28T18:42:19.506332,2026-04-28T18:43:22.855246,4,55,Europe,UEFA Euro,Europe - UEFA Euro,282,2024,780,Portugal,male,,183,Portugal,944,Slovenia,male,,208,Slovenia,33,Round of 16,116458,Deutsche Bank Park,85,Germany,269.0,Daniele Orsato,112.0,Italy,Roberto Martínez Montoliú,Matjaž Kek,263,Roberto Martínez Montoliú,Roberto Martínez,1973-07-13,214,Spain,1733,Matjaž Kek,,1961-09-09,208,Slovenia,1.1.0,2,2,Euro 2024 (Held-out Test)
3941018,2024-06-30,19:00:00.000,4,1,available,available,2026-04-28T18:39:39.065203,2026-04-28T18:40:26.717452,4,55,Europe,UEFA Euro,Europe - UEFA Euro,282,2024,772,Spain,male,,214,Spain,2138,Georgia,male,,84,Georgia,33,Round of 16,363,RheinEnergieStadion,85,Germany,79.0,François Letexier,78.0,France,Luis de la Fuente Castillo,Willy Sagnol,5588,Luis de la Fuente Castillo,Luis de la Fuente,1961-06-21,214,Spain,752,Willy Sagnol,,1977-03-18,78,France,1.1.0,2,2,Euro 2024 (Held-out Test)
3941017,2024-06-30,16:00:00.000,2,1,available,available,2026-04-28T18:41:06.699931,2026-04-28T18:44:10.985963,4,55,Europe,UEFA Euro,Europe - UEFA Euro,282,2024,768,England,male,,68,England,908,Slovakia,male,,207,Slovakia,33,Round of 16,370,VELTINS-Arena,85,Germany,845.0,Halil Umut Meler,233.0,Turkey,Gareth Southgate,Francesco Calzona,277,Gareth Southgate,,1970-09-03,68,England,1002171,Francesco Calzona,,1968-10-24,112,Italy,1.1.0,2,2,Euro 2024 (Held-out Test)
3930182,2024-06-25,19:00:00.000,0,0,available,available,2026-05-01T19:47:28.693557,2026-05-01T19:50:34.375873,3,55,Europe,UEFA Euro,Europe - UEFA Euro,282,2024,776,Denmark,male,,61,Denmark,786,Serbia,male,,203,Serbia,10,Group Stage,4867,Allianz Arena,85,Germany,79.0,François Letexier,78.0,France,Kasper Hjulmand,Dragan Stojković,255,Kasper Hjulmand,,1972-04-09,61,Denmark,5908,Dragan Stojković,,1965-03-03,203,Serbia,1.1.0,2,2,Euro 2024 (Held-out Test)
3930179,2024-06-24,19:00:00.000,0,1,available,available,2026-05-01T19:46:24.060159,2026-05-01T19:51:26.189211,3,55,Europe,UEFA Euro,Europe - UEFA Euro,282,2024,906,Albania,male,,3,Albania,772,Spain,male,,214,Spain,10,Group Stage,4866,Merkur Spiel-Arena,85,Germany,1062.0,Glenn Nyberg,220.0,Sweden,Sylvio Mendes Campos Junior,Luis de la Fuente Castillo,1877,Sylvio Mendes Campos Junior,Sylvinho,1974-04-12,31,Brazil,5588,Luis de la Fuente Castillo,Luis de la Fuente,1961-06-21,214,Spain,1.1.0,2,2,Euro 2024 (Held-out Test)
3940983,2024-06-29,19:00:00.000,2,0,available,available,2026-04-28T18:38:21.125369,2026-04-28T18:40:57.190664,4,55,Europe,UEFA Euro,Europe - UEFA Euro,282,2024,770,Germany,male,,85,Germany,776,Denmark,male,,61,Denmark,33,Round of 16,373,Signal-Iduna-Park,85,Germany,1.0,Michael Oliver,68.0,England,Julian Nagelsmann,Kasper Hjulmand,445,Julian Nagelsmann,,1987-07-23,85,Germany,255,Kasper Hjulmand,,1972-04-09,61,Denmark,1.1.0,2,2,Euro 2024 (Held-out Test)
3940878,2024-06-29,16:00:00.000,2,0,available,available,2026-04-28T18:37:13.038356,2026-04-28T18:38:32.857625,4,55,Europe,UEFA Euro,Europe - UEFA Euro,282,2024,773,Switzerland,male,,221,Switzerland,914,Italy,male,,112,Italy,33,Round of 16,367,Olympiastadion Berlin,85,Germany,367.0,Szymon Marciniak,182.0,Poland,Murat Yakin,Luciano Spalletti,2832,Murat Yakin,,1974-09-15,221,Switzerland,399,Luciano Spalletti,,1959-03-07,112,Italy,1.1.0,2,2,Euro 2024 (Held-out Test)
3930177,2024-06-23,19:00:00.000,0,1,available,available,2026-05-01T19:44:18.003020,2026-05-01T19:47:15.307446,3,55,Europe,UEFA Euro,Europe - UEFA Euro,282,2024,942,Scotland,male,,201,Scotland,916,Hungary,male,,103,Hungary,10,Group Stage,369,MHPArena,85,Germany,1094.0,Facundo Tello Figueroa,11.0,Argentina,Steve Clarke,Marco Rossi,510,Steve Clarke,,1963-08-29,201,Scotland,3616,Marco Rossi,,1964-09-09,112,Italy,1.1.0,2,2,Euro 2024 (Held-out Test)
3930173,2024-06-21,19:00:00.000,0,0,available,available,2026-05-01T19:51:17.821277,2026-05-01T19:55:53.005892,2,55,Europe,UEFA Euro,Europe - UEFA Euro,282,2024,941,Netherlands,male,,160,Netherlands,771,France,male,,78,France,10,Group Stage,5249,Trainingszentrum RB Leipzig Platz 1,85,Germany,8.0,Anthony Taylor,68.0,England,Ronald Koeman,Didier Deschamps,676,Ronald Koeman,,1963-03-21,160,Netherlands,545,Didier Deschamps,,1968-10-15,78,France,1.1.0,2,2,Euro 2024 (Held-out Test)
3930172,2024-06-20,19:00:00.000,1,0,available,available,2026-05-01T19:49:03.402539,2026-05-01T19:51:56.234934,2,55,Europe,UEFA Euro,Europe - UEFA Euro,282,2024,772,Spain,male,,214,Spain,914,Italy,male,,112,Italy,10,Group Stage,370,VELTINS-Arena,85,Germany,943.0,Slavko Vinčić,208.0,Slovenia,Luis de la Fuente Castillo,Luciano Spalletti,5588,Luis de la Fuente Castillo,Luis de la Fuente,1961-06-21,214,Spain,399,Luciano Spalletti,,1959-03-07,112,Italy,1.1.0,2,2,Euro 2024 (Held-out Test)
3930167,2024-06-19,13:00:00.000,2,2,available,available,2026-05-01T19:44:26.796333,2026-05-01T19:48:07.889956,2,55,Europe,UEFA Euro,Europe - UEFA Euro,282,2024,785,Croatia,male,,56,Croatia,906,Albania,male,,3,Albania,10,Group Stage,379,Volksparkstadion,85,Germany,79.0,François Letexier,78.0,France,Zlatko Dalić,Sylvio Mendes Campos Junior,307,Zlatko Dalić,,1966-10-26,56,Croatia,1877,Sylvio Mendes Campos Junior,Sylvinho,1974-04-12,31,Brazil,1.1.0,2,2,Euro 2024 (Held-out Test)
3930168,2024-06-19,16:00:00.000,2,0,available,available,2026-05-01T19:46:44.244653,2026-05-01T19:52:50.304198,2,55,Europe,UEFA Euro,Europe - UEFA Euro,282,2024,770,Germany,male,,85,Germany,916,Hungary,male,,103,Hungary,10,Group Stage,369,MHPArena,85,Germany,293.0,Danny Desmond Makkelie,160.0,Netherlands,Julian Nagelsmann,Marco Rossi,445,Julian Nagelsmann,,1987-07-23,85,Germany,3616,Marco Rossi,,1964-09-09,112,Italy,1.1.0,2,2,Euro 2024 (Held-out Test)
3930165,2024-06-17,19:00:00.000,0,1,available,available,2026-05-01T19:50:29.633847,2026-05-01T19:54:15.076346,1,55,Europe,UEFA Euro,Europe - UEFA Euro,282,2024,915,Austria,male,,15,Austria,771,France,male,,78,France,10,Group Stage,4866,Merkur Spiel-Arena,85,Germany,183.0,Jesús Gil Manzano,214.0,Spain,Ralf Rangnick,Didier Deschamps,380,Ralf Rangnick,,1958-06-29,85,Germany,545,Didier Deschamps,,1968-10-15,78,France,1.1.0,2,2,Euro 2024 (Held-out Test)
3930164,2024-06-17,16:00:00.000,0,1,available,available,2026-05-01T19:51:32.944920,2026-05-01T19:54:50.996052,1,55,Europe,UEFA Euro,Europe - UEFA Euro,282,2024,782,Belgium,male,,22,Belgium,908,Slovakia,male,,207,Slovakia,10,Group Stage,116458,Deutsche Bank Park,85,Germany,845.0,Halil Umut Meler,233.0,Turkey,Domenico Tedesco,Francesco Calzona,48,Domenico Tedesco,,1985-09-12,85,Germany,1002171,Francesco Calzona,,1968-10-24,112,Italy,1.1.0,2,2,Euro 2024 (Held-out Test)
3930161,2024-06-15,19:00:00.000,2,1,available,available,2026-05-01T19:47:11.911723,2026-05-01T19:51:21.306089,1,55,Europe,UEFA Euro,Europe - UEFA Euro,282,2024,914,Italy,male,,112,Italy,906,Albania,male,,3,Albania,10,Group Stage,373,Signal-Iduna-Park,85,Germany,241.0,Felix Zwayer,85.0,Germany,Luciano Spalletti,Sylvio Mendes Campos Junior,399,Luciano Spalletti,,1959-03-07,112,Italy,1877,Sylvio Mendes Campos Junior,Sylvinho,1974-04-12,31,Brazil,1.1.0,2,2,Euro 2024 (Held-out Test)
3930183,2024-06-26,16:00:00.000,1,1,available,available,2026-05-01T19:50:13.356763,2026-05-01T19:54:31.470252,3,55,Europe,UEFA Euro,Europe - UEFA Euro,282,2024,908,Slovakia,male,,207,Slovakia,905,Romania,male,,187,Romania,10,Group Stage,116458,Deutsche Bank Park,85,Germany,225.0,Daniel Siebert,85.0,Germany,Francesco Calzona,Edward Iordănescu,1002171,Francesco Calzona,,1968-10-24,112,Italy,6237,Edward Iordănescu,,1978-06-16,187,Romania,1.1.0,2,2,Euro 2024 (Held-out Test)
3930175,2024-06-22,19:00:00.000,2,0,available,available,2026-05-01T19:52:16.451217,2026-05-01T19:54:56.604789,2,55,Europe,UEFA Euro,Europe - UEFA Euro,282,2024,782,Belgium,male,,22,Belgium,905,Romania,male,,187,Romania,10,Group Stage,363,RheinEnergieStadion,85,Germany,367.0,Szymon Marciniak,182.0,Poland,Domenico Tedesco,Edward Iordănescu,48,Domenico Tedesco,,1985-09-12,85,Germany,6237,Edward Iordănescu,,1978-06-16,187,Romania,1.1.0,2,2,Euro 2024 (Held-out Test)
3930158,2024-06-14,19:00:00.000,5,1,available,available,2026-05-01T19:43:49.048383,2026-05-01T19:44:28.668814,1,55,Europe,UEFA Euro,Europe - UEFA Euro,282,2024,770,Germany,male,,85,Germany,942,Scotland,male,,201,Scotland,10,Group Stage,4867,Allianz Arena,85,Germany,76.0,Clément Turpin,78.0,France,Julian Nagelsmann,Steve Clarke,445,Julian Nagelsmann,,1987-07-23,85,Germany,510,Steve Clarke,,1963-08-29,201,Scotland,1.1.0,2,2,Euro 2024 (Held-out Test)
